Gene,Mutation,Label,Blosum
ENSG00000184895,R197C,benign,-3.0
ENSG00000184895,N187S,benign,1.0
ENSG00000184895,P184L,benign,-3.0
ENSG00000184895,H182Y,benign,2.0
ENSG00000184895,Y164C,benign,-2.0
ENSG00000184895,E156D,benign,2.0
ENSG00000184895,K99N,pathogenic,0.0
ENSG00000184895,I90M,pathogenic,1.0
ENSG00000184895,M85K,pathogenic,-1.0
ENSG00000184895,R84T,benign,-1.0
ENSG00000184895,V69L,pathogenic,1.0
ENSG00000184895,F67Y,pathogenic,3.0
ENSG00000184895,V60A,pathogenic,0.0
ENSG00000184895,D58E,benign,2.0
ENSG00000184895,Q57R,pathogenic,1.0
ENSG00000184895,S52G,benign,0.0
ENSG00000184895,F34L,benign,0.0
ENSG00000184895,S18N,benign,1.0
ENSG00000184895,A5V,pathogenic,0.0
ENSG00000129824,R3Q,benign,1.0
ENSG00000129824,H17Y,benign,2.0
ENSG00000129824,H17R,benign,0.0
ENSG00000129824,M19I,benign,1.0
ENSG00000129824,F27L,benign,0.0
ENSG00000129824,V46I,benign,3.0
ENSG00000129824,R51G,benign,-2.0
ENSG00000129824,I92M,benign,1.0
ENSG00000129824,T95I,benign,-1.0
ENSG00000129824,R108H,benign,0.0
ENSG00000129824,A110V,benign,0.0
ENSG00000129824,R113C,benign,-3.0
ENSG00000129824,R113H,benign,0.0
ENSG00000129824,I114V,benign,3.0
ENSG00000129824,V133M,benign,1.0
ENSG00000129824,H138Q,benign,0.0
ENSG00000129824,I170M,benign,1.0
ENSG00000129824,M182V,benign,1.0
ENSG00000129824,I184V,benign,3.0
ENSG00000129824,A213D,benign,-2.0
ENSG00000129824,G215C,pathogenic,-3.0
ENSG00000129824,N216S,benign,1.0
ENSG00000129824,N216K,benign,0.0
ENSG00000129824,N230S,benign,1.0
ENSG00000067646,P57A,benign,-1.0
ENSG00000067646,D58V,benign,-3.0
ENSG00000067646,V63A,benign,0.0
ENSG00000067646,D67N,pathogenic,1.0
ENSG00000067646,V72I,benign,3.0
ENSG00000067646,L100P,pathogenic,-3.0
ENSG00000067646,D103E,benign,2.0
ENSG00000067646,D117G,benign,-1.0
ENSG00000067646,V119I,benign,3.0
ENSG00000067646,M129I,benign,1.0
ENSG00000067646,M131V,benign,1.0
ENSG00000067646,T137M,benign,-1.0
ENSG00000067646,C144Y,benign,-2.0
ENSG00000067646,D180H,pathogenic,-1.0
ENSG00000067646,P183T,benign,-1.0
ENSG00000067646,I187V,benign,3.0
ENSG00000067646,A189T,benign,0.0
ENSG00000067646,G191R,pathogenic,-2.0
ENSG00000067646,I192S,benign,-2.0
ENSG00000067646,D195E,benign,2.0
ENSG00000067646,Q196E,benign,2.0
ENSG00000067646,D229N,benign,1.0
ENSG00000067646,P236L,benign,-3.0
ENSG00000067646,E273G,benign,-2.0
ENSG00000067646,D275E,benign,2.0
ENSG00000067646,H276R,benign,0.0
ENSG00000067646,R288H,benign,0.0
ENSG00000067646,V289I,benign,3.0
ENSG00000067646,E292D,benign,2.0
ENSG00000067646,S302T,benign,1.0
ENSG00000067646,D316H,benign,-1.0
ENSG00000067646,Q341K,benign,1.0
ENSG00000067646,I354V,benign,3.0
ENSG00000067646,R370Q,benign,1.0
ENSG00000067646,T373S,benign,1.0
ENSG00000067646,K396R,benign,2.0
ENSG00000067646,P422L,pathogenic,-3.0
ENSG00000067646,M424I,benign,1.0
ENSG00000067646,M440L,benign,2.0
ENSG00000067646,K450R,benign,2.0
ENSG00000067646,K451Q,pathogenic,1.0
ENSG00000067646,D458G,pathogenic,-1.0
ENSG00000067646,K464N,pathogenic,0.0
ENSG00000067646,A483V,benign,0.0
ENSG00000067646,A496G,benign,0.0
ENSG00000067646,A498V,benign,0.0
ENSG00000067646,A511T,benign,0.0
ENSG00000067646,A511V,benign,0.0
ENSG00000067646,M514I,benign,1.0
ENSG00000067646,G528V,pathogenic,-3.0
ENSG00000067646,L534P,pathogenic,-3.0
ENSG00000067646,P556L,pathogenic,-3.0
ENSG00000067646,S557L,pathogenic,-2.0
ENSG00000067646,L587V,pathogenic,1.0
ENSG00000067646,D635N,benign,1.0
ENSG00000067646,V648I,benign,3.0
ENSG00000067646,T653M,pathogenic,-1.0
ENSG00000067646,R721K,benign,2.0
ENSG00000067646,N728S,benign,1.0
ENSG00000067646,N728K,benign,0.0
ENSG00000067646,L730F,pathogenic,0.0
ENSG00000067646,S751N,benign,1.0
ENSG00000067646,N788K,benign,0.0
ENSG00000067646,V798A,benign,0.0
ENSG00000067646,G799D,benign,-1.0
ENSG00000176679,A5V,pathogenic,0.0
ENSG00000176679,D6E,benign,2.0
ENSG00000176679,G7R,benign,-2.0
ENSG00000176679,P8R,benign,-2.0
ENSG00000176679,E10D,pathogenic,2.0
ENSG00000176679,V15L,benign,1.0
ENSG00000176679,S19R,benign,-1.0
ENSG00000176679,T30S,benign,1.0
ENSG00000176679,M33V,benign,1.0
ENSG00000176679,A38V,pathogenic,0.0
ENSG00000176679,T40I,benign,-1.0
ENSG00000176679,R53G,benign,-2.0
ENSG00000176679,N56S,benign,1.0
ENSG00000176679,S61P,pathogenic,-1.0
ENSG00000176679,Y70S,pathogenic,-2.0
ENSG00000176679,H72R,pathogenic,0.0
ENSG00000176679,F74Y,pathogenic,3.0
ENSG00000176679,F74C,pathogenic,-2.0
ENSG00000176679,M85V,pathogenic,1.0
ENSG00000176679,L86V,pathogenic,1.0
ENSG00000176679,T90N,pathogenic,0.0
ENSG00000176679,N91S,pathogenic,1.0
ENSG00000176679,S93P,pathogenic,-1.0
ENSG00000176679,N99H,pathogenic,1.0
ENSG00000176679,I102V,benign,3.0
ENSG00000176679,N103S,pathogenic,1.0
ENSG00000176679,R105C,pathogenic,-3.0
ENSG00000176679,I122N,benign,-3.0
ENSG00000176679,I122T,benign,-1.0
ENSG00000176679,G123S,benign,0.0
ENSG00000176679,K125N,benign,0.0
ENSG00000176679,H131Y,benign,2.0
ENSG00000176679,Q136K,benign,1.0
ENSG00000176679,A140V,benign,0.0
ENSG00000176679,K145R,benign,2.0
ENSG00000176679,T152P,benign,-1.0
ENSG00000176679,M153R,benign,-1.0
ENSG00000176679,Y154S,benign,-2.0
ENSG00000176679,Y154C,benign,-2.0
ENSG00000176679,C157G,benign,-3.0
ENSG00000176679,Q163P,benign,-1.0
ENSG00000176679,A165G,benign,0.0
ENSG00000176679,R166G,benign,-2.0
ENSG00000099715,G5V,benign,-3.0
ENSG00000099715,N30K,benign,0.0
ENSG00000099715,H32D,benign,-1.0
ENSG00000099715,I41V,benign,3.0
ENSG00000099715,F42Y,pathogenic,3.0
ENSG00000099715,V47A,benign,0.0
ENSG00000099715,V49L,benign,1.0
ENSG00000099715,N59S,pathogenic,1.0
ENSG00000099715,E65Q,pathogenic,2.0
ENSG00000099715,L97P,benign,-3.0
ENSG00000099715,K100Q,pathogenic,1.0
ENSG00000099715,I116T,pathogenic,-1.0
ENSG00000099715,F117Y,benign,3.0
ENSG00000099715,G120S,benign,0.0
ENSG00000099715,R122L,pathogenic,-2.0
ENSG00000099715,I123V,benign,3.0
ENSG00000099715,G131R,pathogenic,-2.0
ENSG00000099715,Y140C,pathogenic,-2.0
ENSG00000099715,E143D,pathogenic,2.0
ENSG00000099715,D149N,pathogenic,1.0
ENSG00000099715,D166N,pathogenic,1.0
ENSG00000099715,P172R,pathogenic,-2.0
ENSG00000099715,P172L,pathogenic,-3.0
ENSG00000099715,I180V,benign,3.0
ENSG00000099715,K189Q,benign,1.0
ENSG00000099715,A194V,benign,0.0
ENSG00000099715,V205D,pathogenic,-3.0
ENSG00000099715,E209Q,benign,2.0
ENSG00000099715,I222T,benign,-1.0
ENSG00000099715,D245N,pathogenic,1.0
ENSG00000099715,Q260P,benign,-1.0
ENSG00000099715,A265T,pathogenic,0.0
ENSG00000099715,A265G,pathogenic,0.0
ENSG00000099715,N293D,benign,1.0
ENSG00000099715,H304Y,pathogenic,2.0
ENSG00000099715,A308S,pathogenic,1.0
ENSG00000099715,G311S,pathogenic,0.0
ENSG00000099715,S319F,benign,-2.0
ENSG00000099715,T342S,pathogenic,1.0
ENSG00000099715,P346S,benign,-1.0
ENSG00000099715,A361T,pathogenic,0.0
ENSG00000099715,V377A,pathogenic,0.0
ENSG00000099715,N381S,pathogenic,1.0
ENSG00000099715,I389L,benign,2.0
ENSG00000099715,I389L,benign,2.0
ENSG00000099715,I392V,pathogenic,3.0
ENSG00000099715,V393I,benign,3.0
ENSG00000099715,N394S,benign,1.0
ENSG00000099715,A413T,pathogenic,0.0
ENSG00000099715,T432A,pathogenic,0.0
ENSG00000099715,F438L,benign,0.0
ENSG00000099715,Q447R,pathogenic,1.0
ENSG00000099715,Y458C,pathogenic,-2.0
ENSG00000099715,K462E,benign,1.0
ENSG00000099715,A465D,pathogenic,-2.0
ENSG00000099715,D472H,pathogenic,-1.0
ENSG00000099715,D472V,pathogenic,-3.0
ENSG00000099715,A473P,pathogenic,-1.0
ENSG00000099715,P476L,pathogenic,-3.0
ENSG00000099715,L478V,pathogenic,1.0
ENSG00000099715,F485L,benign,0.0
ENSG00000099715,K487R,pathogenic,2.0
ENSG00000099715,N494S,pathogenic,1.0
ENSG00000099715,V497I,benign,3.0
ENSG00000099715,S501P,benign,-1.0
ENSG00000099715,F502V,benign,-1.0
ENSG00000099715,V503I,benign,3.0
ENSG00000099715,I515S,benign,-2.0
ENSG00000099715,T523M,benign,-1.0
ENSG00000099715,D524N,pathogenic,1.0
ENSG00000099715,D548Y,pathogenic,-3.0
ENSG00000099715,R549H,benign,0.0
ENSG00000099715,R550H,benign,0.0
ENSG00000099715,G552C,pathogenic,-3.0
ENSG00000099715,V557M,benign,1.0
ENSG00000099715,R562T,pathogenic,-1.0
ENSG00000099715,L573V,benign,1.0
ENSG00000099715,P581S,benign,-1.0
ENSG00000099715,N585D,pathogenic,1.0
ENSG00000099715,N585S,pathogenic,1.0
ENSG00000099715,F589V,benign,-1.0
ENSG00000099715,N596D,pathogenic,1.0
ENSG00000099715,N598S,pathogenic,1.0
ENSG00000099715,V637A,pathogenic,0.0
ENSG00000099715,T638M,pathogenic,-1.0
ENSG00000099715,I641V,benign,3.0
ENSG00000099715,D643E,benign,2.0
ENSG00000099715,E644K,benign,1.0
ENSG00000099715,I650T,pathogenic,-1.0
ENSG00000099715,I650M,pathogenic,1.0
ENSG00000099715,E666G,pathogenic,-2.0
ENSG00000099715,E669V,pathogenic,-2.0
ENSG00000099715,R685C,benign,-3.0
ENSG00000099715,R685H,benign,0.0
ENSG00000099715,D697Y,pathogenic,-3.0
ENSG00000099715,I706T,benign,-1.0
ENSG00000099715,V717G,pathogenic,-3.0
ENSG00000099715,P719L,benign,-3.0
ENSG00000099715,F728S,benign,-2.0
ENSG00000099715,V733I,benign,3.0
ENSG00000099715,N735S,benign,1.0
ENSG00000099715,D736N,pathogenic,1.0
ENSG00000099715,A741S,benign,1.0
ENSG00000099715,A741V,pathogenic,0.0
ENSG00000099715,R744H,benign,0.0
ENSG00000099715,R753G,benign,-2.0
ENSG00000099715,D759N,benign,1.0
ENSG00000099715,I765V,benign,3.0
ENSG00000099715,M768L,benign,2.0
ENSG00000099715,M768T,benign,-1.0
ENSG00000099715,V781A,benign,0.0
ENSG00000099715,V797I,benign,3.0
ENSG00000099715,L802P,pathogenic,-3.0
ENSG00000099715,R819H,benign,0.0
ENSG00000099715,I822T,benign,-1.0
ENSG00000099715,A824E,benign,-1.0
ENSG00000099715,A824V,benign,0.0
ENSG00000099715,P825S,benign,-1.0
ENSG00000099715,N829S,benign,1.0
ENSG00000099715,I845V,benign,3.0
ENSG00000099715,V857I,benign,3.0
ENSG00000099715,C868S,pathogenic,-1.0
ENSG00000099715,C868Y,pathogenic,-2.0
ENSG00000099715,R869H,benign,0.0
ENSG00000099715,M881T,benign,-1.0
ENSG00000099715,P889S,pathogenic,-1.0
ENSG00000099715,M898I,benign,1.0
ENSG00000099715,M899I,benign,1.0
ENSG00000099715,L913R,pathogenic,-2.0
ENSG00000099715,V917F,benign,-1.0
ENSG00000099715,A925G,benign,0.0
ENSG00000099715,L939P,pathogenic,-3.0
ENSG00000099715,D942E,benign,2.0
ENSG00000099715,M948I,benign,1.0
ENSG00000099715,P962S,pathogenic,-1.0
ENSG00000099715,S964R,pathogenic,-1.0
ENSG00000099715,L967V,pathogenic,1.0
ENSG00000099715,R969Q,benign,1.0
ENSG00000099715,I995V,pathogenic,3.0
ENSG00000099715,I995S,pathogenic,-2.0
ENSG00000099715,D1001Y,pathogenic,-3.0
ENSG00000099715,T1003I,pathogenic,-1.0
ENSG00000099715,C1007R,pathogenic,-3.0
ENSG00000099715,N1012K,benign,0.0
ENSG00000099715,S1017N,benign,1.0
ENSG00000099715,V1023I,benign,3.0
ENSG00000099715,S1024A,pathogenic,1.0
ENSG00000099715,T1032N,benign,0.0
ENSG00000099715,V1039I,benign,3.0
ENSG00000099715,R1047C,pathogenic,-3.0
ENSG00000099715,R1047H,benign,0.0
ENSG00000099715,L1052M,pathogenic,2.0
ENSG00000099715,G1055R,benign,-2.0
ENSG00000099715,S1060G,benign,0.0
ENSG00000099715,T1074A,benign,0.0
ENSG00000099715,S1077T,benign,1.0
ENSG00000099715,G1083R,pathogenic,-2.0
ENSG00000099715,R1098C,pathogenic,-3.0
ENSG00000099715,R1098L,pathogenic,-2.0
ENSG00000099715,T1099A,pathogenic,0.0
ENSG00000099715,D1102N,pathogenic,1.0
ENSG00000099715,G1103S,pathogenic,0.0
ENSG00000099715,R1116G,benign,-2.0
ENSG00000099715,T1133I,pathogenic,-1.0
ENSG00000099715,S1142A,pathogenic,1.0
ENSG00000099715,A1144T,benign,0.0
ENSG00000099715,P1148S,pathogenic,-1.0
ENSG00000099715,S1157L,benign,-2.0
ENSG00000099715,A1161V,benign,0.0
ENSG00000099715,S1162C,pathogenic,-1.0
ENSG00000099715,A1163S,benign,1.0
ENSG00000099715,A1173T,benign,0.0
ENSG00000099715,P1180S,pathogenic,-1.0
ENSG00000099715,T1185S,pathogenic,1.0
ENSG00000099715,A1199T,pathogenic,0.0
ENSG00000099715,A1199S,pathogenic,1.0
ENSG00000099715,C1201Y,pathogenic,-2.0
ENSG00000099715,P1205T,benign,-1.0
ENSG00000099715,P1206L,benign,-3.0
ENSG00000099715,L1218V,benign,1.0
ENSG00000099715,T1222S,pathogenic,1.0
ENSG00000099715,S1230L,benign,-2.0
ENSG00000099715,Q1232E,benign,2.0
ENSG00000099715,A1233S,benign,1.0
ENSG00000099715,S1253T,benign,1.0
ENSG00000099715,I1258V,benign,3.0
ENSG00000099715,A1259V,benign,0.0
ENSG00000099715,R1262C,benign,-3.0
ENSG00000099715,R1262H,benign,0.0
ENSG00000099715,G1274V,pathogenic,-3.0
ENSG00000099715,Q1277P,pathogenic,-1.0
ENSG00000099715,G1281V,benign,-3.0
ENSG00000099715,V1289G,benign,-3.0
ENSG00000099715,Y1298H,pathogenic,2.0
ENSG00000099715,E1302K,benign,1.0
ENSG00000099715,P1315S,pathogenic,-1.0
ENSG00000099715,A1320V,benign,0.0
ENSG00000099715,H1338Y,benign,2.0
ENSG00000168757,R2H,benign,0.0
ENSG00000168757,P3L,benign,-3.0
ENSG00000168757,E4D,benign,2.0
ENSG00000168757,G5S,benign,0.0
ENSG00000168757,S6L,benign,-2.0
ENSG00000168757,R10G,benign,-2.0
ENSG00000168757,R10W,benign,-3.0
ENSG00000168757,V11L,benign,1.0
ENSG00000168757,P12L,benign,-3.0
ENSG00000168757,R14M,benign,-1.0
ENSG00000168757,R14S,benign,-1.0
ENSG00000168757,L15V,benign,1.0
ENSG00000168757,R16Q,benign,1.0
ENSG00000168757,S19F,benign,-2.0
ENSG00000168757,V22L,benign,1.0
ENSG00000168757,R24L,benign,-2.0
ENSG00000168757,A25T,benign,0.0
ENSG00000168757,A28T,benign,0.0
ENSG00000168757,K35E,benign,1.0
ENSG00000168757,F40Y,pathogenic,3.0
ENSG00000168757,E43G,pathogenic,-2.0
ENSG00000168757,Q46H,pathogenic,0.0
ENSG00000168757,G51R,benign,-2.0
ENSG00000168757,G60R,benign,-2.0
ENSG00000168757,G60W,pathogenic,-2.0
ENSG00000168757,E80Q,benign,2.0
ENSG00000168757,E85G,benign,-2.0
ENSG00000168757,L109P,pathogenic,-3.0
ENSG00000168757,A124V,benign,0.0
ENSG00000168757,R134L,benign,-2.0
ENSG00000168757,R141H,pathogenic,0.0
ENSG00000168757,H144Q,pathogenic,0.0
ENSG00000168757,D146G,benign,-1.0
ENSG00000168757,F158C,pathogenic,-2.0
ENSG00000168757,A160D,pathogenic,-2.0
ENSG00000168757,N161S,benign,1.0
ENSG00000168757,E176Q,benign,2.0
ENSG00000168757,M180V,benign,1.0
ENSG00000168757,M184I,benign,1.0
ENSG00000168757,R195P,benign,-2.0
ENSG00000168757,V196L,benign,1.0
ENSG00000168757,I235T,pathogenic,-1.0
ENSG00000168757,N259S,benign,1.0
ENSG00000168757,W260C,pathogenic,-2.0
ENSG00000099721,V104F,pathogenic,-1.0
ENSG00000099721,P103L,benign,-3.0
ENSG00000099721,Q98H,benign,0.0
ENSG00000099721,R97H,benign,0.0
ENSG00000099721,V96L,benign,1.0
ENSG00000099721,P94T,pathogenic,-1.0
ENSG00000099721,V88L,benign,1.0
ENSG00000099721,Q73P,pathogenic,-1.0
ENSG00000099721,V70L,benign,1.0
ENSG00000099721,V70M,benign,1.0
ENSG00000099721,Q65K,pathogenic,1.0
ENSG00000099721,G59D,pathogenic,-1.0
ENSG00000099721,E56K,pathogenic,1.0
ENSG00000099721,I46V,benign,3.0
ENSG00000099721,M45V,benign,1.0
ENSG00000099721,T37I,pathogenic,-1.0
ENSG00000099721,H25Y,pathogenic,2.0
ENSG00000099721,A13T,benign,0.0
ENSG00000099721,G12R,pathogenic,-2.0
ENSG00000092377,S2G,pathogenic,0.0
ENSG00000092377,Q17H,benign,0.0
ENSG00000092377,S24L,pathogenic,-2.0
ENSG00000092377,G29R,pathogenic,-2.0
ENSG00000092377,I30M,pathogenic,1.0
ENSG00000092377,N40S,benign,1.0
ENSG00000092377,V44E,pathogenic,-2.0
ENSG00000092377,P46L,pathogenic,-3.0
ENSG00000092377,I52V,benign,3.0
ENSG00000092377,V60I,pathogenic,3.0
ENSG00000092377,D69H,pathogenic,-1.0
ENSG00000092377,D69V,pathogenic,-3.0
ENSG00000092377,G70S,pathogenic,0.0
ENSG00000092377,G70V,pathogenic,-3.0
ENSG00000092377,V72L,pathogenic,1.0
ENSG00000092377,V72E,pathogenic,-2.0
ENSG00000092377,F73L,pathogenic,0.0
ENSG00000092377,D74N,pathogenic,1.0
ENSG00000092377,D74H,pathogenic,-1.0
ENSG00000092377,S75T,benign,1.0
ENSG00000092377,S75I,benign,-2.0
ENSG00000092377,R76H,pathogenic,0.0
ENSG00000092377,P77A,pathogenic,-1.0
ENSG00000092377,I78V,pathogenic,3.0
ENSG00000092377,I78T,pathogenic,-1.0
ENSG00000092377,I78M,pathogenic,1.0
ENSG00000092377,E79D,pathogenic,2.0
ENSG00000092377,L81V,pathogenic,1.0
ENSG00000092377,S82A,pathogenic,1.0
ENSG00000092377,S82F,pathogenic,-2.0
ENSG00000092377,I84V,pathogenic,3.0
ENSG00000092377,I84L,pathogenic,2.0
ENSG00000092377,I84M,pathogenic,1.0
ENSG00000092377,V85L,benign,1.0
ENSG00000092377,V85A,benign,0.0
ENSG00000092377,D90H,pathogenic,-1.0
ENSG00000092377,D90Y,pathogenic,-3.0
ENSG00000092377,V92L,pathogenic,1.0
ENSG00000092377,Q93H,benign,0.0
ENSG00000092377,M94I,benign,1.0
ENSG00000092377,R95G,pathogenic,-2.0
ENSG00000092377,R95Q,pathogenic,1.0
ENSG00000092377,Q96H,pathogenic,0.0
ENSG00000092377,A98T,pathogenic,0.0
ENSG00000092377,A98P,pathogenic,-1.0
ENSG00000092377,A98V,pathogenic,0.0
ENSG00000092377,F99L,pathogenic,0.0
ENSG00000092377,G100R,benign,-2.0
ENSG00000092377,G100A,benign,0.0
ENSG00000092377,E101K,benign,1.0
ENSG00000092377,E101D,benign,2.0
ENSG00000092377,E101D,benign,2.0
ENSG00000092377,L103P,pathogenic,-3.0
ENSG00000092377,T104S,benign,1.0
ENSG00000092377,Q105E,benign,2.0
ENSG00000092377,A108P,benign,-1.0
ENSG00000092377,S109T,benign,1.0
ENSG00000092377,A110T,benign,0.0
ENSG00000092377,A112P,benign,-1.0
ENSG00000092377,A112D,benign,-2.0
ENSG00000092377,E114Q,benign,2.0
ENSG00000092377,E114D,benign,2.0
ENSG00000092377,A115G,benign,0.0
ENSG00000092377,A117P,benign,-1.0
ENSG00000092377,M118I,benign,1.0
ENSG00000092377,K120R,benign,2.0
ENSG00000092377,K120N,benign,0.0
ENSG00000092377,A121V,benign,0.0
ENSG00000092377,A122T,benign,0.0
ENSG00000092377,M124R,benign,-1.0
ENSG00000092377,T125S,benign,1.0
ENSG00000092377,A127T,benign,0.0
ENSG00000092377,A127P,benign,-1.0
ENSG00000092377,A127G,benign,0.0
ENSG00000092377,A128T,benign,0.0
ENSG00000092377,A128P,benign,-1.0
ENSG00000092377,N133T,benign,0.0
ENSG00000092377,P135A,benign,-1.0
ENSG00000092377,R138Q,benign,1.0
ENSG00000092377,R138L,benign,-2.0
ENSG00000092377,E139K,benign,1.0
ENSG00000092377,E139Q,benign,2.0
ENSG00000092377,E139D,benign,2.0
ENSG00000092377,E139D,benign,2.0
ENSG00000092377,A140S,benign,1.0
ENSG00000092377,V142L,benign,1.0
ENSG00000092377,G144W,pathogenic,-2.0
ENSG00000092377,G144E,benign,-2.0
ENSG00000092377,G144V,benign,-3.0
ENSG00000092377,E146Q,benign,2.0
ENSG00000092377,E146D,benign,2.0
ENSG00000092377,N147K,benign,0.0
ENSG00000092377,G148A,benign,0.0
ENSG00000092377,H150R,benign,0.0
ENSG00000092377,H150Q,benign,0.0
ENSG00000092377,D164N,benign,1.0
ENSG00000092377,P169L,benign,-3.0
ENSG00000092377,R176W,pathogenic,-3.0
ENSG00000092377,R176Q,benign,1.0
ENSG00000092377,E181K,pathogenic,1.0
ENSG00000092377,E181Q,pathogenic,2.0
ENSG00000092377,I184V,pathogenic,3.0
ENSG00000092377,A195D,pathogenic,-2.0
ENSG00000092377,G199E,pathogenic,-2.0
ENSG00000092377,T202A,pathogenic,0.0
ENSG00000092377,G215V,benign,-3.0
ENSG00000092377,L219I,pathogenic,2.0
ENSG00000092377,V220M,pathogenic,1.0
ENSG00000092377,C224Y,pathogenic,-2.0
ENSG00000092377,I225T,pathogenic,-1.0
ENSG00000092377,R226Q,pathogenic,1.0
ENSG00000092377,G229R,pathogenic,-2.0
ENSG00000092377,G229E,pathogenic,-2.0
ENSG00000092377,H230Y,benign,2.0
ENSG00000092377,D231N,pathogenic,1.0
ENSG00000092377,S254L,pathogenic,-2.0
ENSG00000092377,A259T,pathogenic,0.0
ENSG00000092377,A259V,pathogenic,0.0
ENSG00000092377,I261T,pathogenic,-1.0
ENSG00000092377,I261M,pathogenic,1.0
ENSG00000092377,N267K,pathogenic,0.0
ENSG00000092377,F280L,pathogenic,0.0
ENSG00000092377,A281T,pathogenic,0.0
ENSG00000092377,K286R,benign,2.0
ENSG00000092377,N289K,pathogenic,0.0
ENSG00000092377,L292V,benign,1.0
ENSG00000092377,G295C,pathogenic,-3.0
ENSG00000092377,V296I,pathogenic,3.0
ENSG00000092377,D297H,pathogenic,-1.0
ENSG00000092377,W303L,pathogenic,-2.0
ENSG00000092377,H306Y,benign,2.0
ENSG00000092377,P315S,pathogenic,-1.0
ENSG00000092377,D323V,pathogenic,-3.0
ENSG00000092377,V324M,pathogenic,1.0
ENSG00000092377,Q327K,pathogenic,1.0
ENSG00000092377,C335R,pathogenic,-3.0
ENSG00000092377,H342R,pathogenic,0.0
ENSG00000092377,H342Q,pathogenic,0.0
ENSG00000092377,G347S,benign,0.0
ENSG00000092377,H350R,benign,0.0
ENSG00000092377,N360K,pathogenic,0.0
ENSG00000092377,K384R,pathogenic,2.0
ENSG00000092377,D391V,benign,-3.0
ENSG00000092377,V394I,benign,3.0
ENSG00000092377,I407V,benign,3.0
ENSG00000092377,V434M,pathogenic,1.0
ENSG00000092377,V434E,pathogenic,-2.0
ENSG00000092377,G442D,benign,-1.0
ENSG00000092377,T445I,benign,-1.0
ENSG00000092377,T447I,pathogenic,-1.0
ENSG00000092377,V455L,benign,1.0
ENSG00000092377,Y475C,benign,-2.0
ENSG00000092377,W501R,pathogenic,-3.0
ENSG00000092377,D506H,pathogenic,-1.0
ENSG00000092377,V508M,pathogenic,1.0
ENSG00000092377,A510T,pathogenic,0.0
ENSG00000092377,A512T,pathogenic,0.0
ENSG00000092377,A512V,pathogenic,0.0
ENSG00000233803,H150Q,pathogenic,0.0
ENSG00000229549,P3R,pathogenic,-2.0
ENSG00000229549,G5C,pathogenic,-3.0
ENSG00000229549,W10C,benign,-2.0
ENSG00000229549,V11L,benign,1.0
ENSG00000229549,R14S,benign,-1.0
ENSG00000229549,G18C,benign,-3.0
ENSG00000229549,G48W,pathogenic,-2.0
ENSG00000229549,H144Q,pathogenic,0.0
ENSG00000229549,S232Y,pathogenic,-2.0
ENSG00000229549,I235V,benign,3.0
ENSG00000229549,R248H,benign,0.0
ENSG00000229549,N259H,pathogenic,1.0
ENSG00000229549,D263N,pathogenic,1.0
ENSG00000229549,S304F,benign,-2.0
ENSG00000229549,G88S,benign,0.0
ENSG00000229549,R145Q,pathogenic,1.0
ENSG00000229549,S146G,benign,0.0
ENSG00000229549,S146R,benign,-1.0
ENSG00000229549,H149Q,pathogenic,0.0
ENSG00000229549,V156I,benign,3.0
ENSG00000225516,R133G,benign,-2.0
ENSG00000225516,A132P,benign,-1.0
ENSG00000225516,K122N,benign,0.0
ENSG00000225516,Q101K,benign,1.0
ENSG00000225516,N99K,benign,0.0
ENSG00000224336,L233P,benign,-3.0
ENSG00000224336,H230D,pathogenic,-1.0
ENSG00000224336,L227S,pathogenic,-2.0
ENSG00000224336,L223S,benign,-2.0
ENSG00000224336,S222N,benign,1.0
ENSG00000224336,R213S,benign,-1.0
ENSG00000224336,S212C,pathogenic,-1.0
ENSG00000224336,A211P,pathogenic,-1.0
ENSG00000224336,H207Q,benign,0.0
ENSG00000224336,R203W,benign,-3.0
ENSG00000224336,G192S,pathogenic,0.0
ENSG00000224336,S170F,benign,-2.0
ENSG00000224336,W165L,benign,-2.0
ENSG00000224336,W165R,benign,-3.0
ENSG00000224336,S163G,benign,0.0
ENSG00000224336,P162S,benign,-1.0
ENSG00000224336,L159H,benign,-3.0
ENSG00000224336,V156A,benign,0.0
ENSG00000224336,V151M,benign,1.0
ENSG00000224336,K142E,benign,1.0
ENSG00000224336,G141R,benign,-2.0
ENSG00000224336,H134Q,benign,0.0
ENSG00000224336,N130S,benign,1.0
ENSG00000224336,V129L,benign,1.0
ENSG00000224336,V129I,benign,3.0
ENSG00000224336,R126Q,benign,1.0
ENSG00000224336,G125A,benign,0.0
ENSG00000224336,G124A,benign,0.0
ENSG00000224336,P123A,benign,-1.0
ENSG00000224336,H117R,benign,0.0
ENSG00000224336,S113I,benign,-2.0
ENSG00000224336,P111T,benign,-1.0
ENSG00000224336,V110G,benign,-3.0
ENSG00000224336,R107P,benign,-2.0
ENSG00000224336,R107Q,benign,1.0
ENSG00000224336,R107W,benign,-3.0
ENSG00000224336,H102D,benign,-1.0
ENSG00000224336,P98L,benign,-3.0
ENSG00000224336,S88F,benign,-2.0
ENSG00000224336,G87D,benign,-1.0
ENSG00000224336,V86L,benign,1.0
ENSG00000224336,E80D,benign,2.0
ENSG00000224336,S78W,benign,-3.0
ENSG00000224336,P74Q,benign,-1.0
ENSG00000224336,G73A,benign,0.0
ENSG00000224336,G73E,benign,-2.0
ENSG00000224336,G73R,benign,-2.0
ENSG00000224336,P72H,pathogenic,-2.0
ENSG00000224336,P72T,pathogenic,-1.0
ENSG00000224336,P69R,pathogenic,-2.0
ENSG00000224336,P67L,pathogenic,-3.0
ENSG00000224336,P67R,pathogenic,-2.0
ENSG00000224336,P67T,pathogenic,-1.0
ENSG00000224336,P65L,benign,-3.0
ENSG00000224336,D53N,benign,1.0
ENSG00000224336,V48A,benign,0.0
ENSG00000224336,V48I,benign,3.0
ENSG00000224336,K25E,benign,1.0
ENSG00000224336,G21S,benign,0.0
ENSG00000224336,T8I,pathogenic,-1.0
ENSG00000224336,S7R,benign,-1.0
ENSG00000224336,S7N,benign,1.0
ENSG00000183704,T293I,benign,-1.0
ENSG00000183704,D283E,benign,2.0
ENSG00000183704,R280H,benign,0.0
ENSG00000183704,R280C,pathogenic,-3.0
ENSG00000183704,M277T,benign,-1.0
ENSG00000183704,G271D,benign,-1.0
ENSG00000183704,M270V,benign,1.0
ENSG00000183704,L269F,benign,0.0
ENSG00000183704,M260I,benign,1.0
ENSG00000183704,I259F,pathogenic,0.0
ENSG00000183704,A258T,pathogenic,0.0
ENSG00000183704,F256L,benign,0.0
ENSG00000183704,A255T,pathogenic,0.0
ENSG00000183704,V254A,benign,0.0
ENSG00000183704,M252L,benign,2.0
ENSG00000183704,T246I,benign,-1.0
ENSG00000183704,P242S,benign,-1.0
ENSG00000183704,P242T,benign,-1.0
ENSG00000183704,V239I,benign,3.0
ENSG00000183704,R238S,benign,-1.0
ENSG00000183704,E235V,pathogenic,-2.0
ENSG00000183704,M220I,benign,1.0
ENSG00000183704,A205S,benign,1.0
ENSG00000183704,F204V,benign,-1.0
ENSG00000183704,C203Y,benign,-2.0
ENSG00000183704,Y199H,pathogenic,2.0
ENSG00000183704,I198L,benign,2.0
ENSG00000183704,N197D,benign,1.0
ENSG00000183704,R194P,pathogenic,-2.0
ENSG00000183704,R194Q,pathogenic,1.0
ENSG00000183704,S188N,benign,1.0
ENSG00000183704,T186I,benign,-1.0
ENSG00000183704,S183P,benign,-1.0
ENSG00000183704,V180I,benign,3.0
ENSG00000183704,E176K,benign,1.0
ENSG00000183704,L175F,pathogenic,0.0
ENSG00000183704,L174S,benign,-2.0
ENSG00000183704,V170I,benign,3.0
ENSG00000183704,A168T,benign,0.0
ENSG00000183704,V154I,benign,3.0
ENSG00000183704,T152I,benign,-1.0
ENSG00000183704,Q148R,benign,1.0
ENSG00000183704,K139Q,benign,1.0
ENSG00000183704,W137G,benign,-2.0
ENSG00000183704,F134L,benign,0.0
ENSG00000183704,C128F,benign,-2.0
ENSG00000183704,C128Y,benign,-2.0
ENSG00000183704,H122R,benign,0.0
ENSG00000183704,I119V,benign,3.0
ENSG00000183704,P118S,benign,-1.0
ENSG00000183704,Q117E,benign,2.0
ENSG00000183704,T108M,benign,-1.0
ENSG00000183704,I107T,benign,-1.0
ENSG00000183704,L104P,pathogenic,-3.0
ENSG00000183704,F103L,benign,0.0
ENSG00000183704,I97N,benign,-3.0
ENSG00000183704,K96N,benign,0.0
ENSG00000183704,K95I,benign,-3.0
ENSG00000183704,S91T,benign,1.0
ENSG00000183704,S91N,benign,1.0
ENSG00000183704,V81F,benign,-1.0
ENSG00000183704,G79R,pathogenic,-2.0
ENSG00000183704,A78T,benign,0.0
ENSG00000183704,L76M,benign,2.0
ENSG00000183704,I74S,benign,-2.0
ENSG00000183704,C73Y,benign,-2.0
ENSG00000183704,V72I,benign,3.0
ENSG00000183704,R70G,benign,-2.0
ENSG00000183704,A67D,benign,-2.0
ENSG00000183704,I66V,benign,3.0
ENSG00000183704,A65V,benign,0.0
ENSG00000183704,A65T,benign,0.0
ENSG00000183704,N64K,benign,0.0
ENSG00000183704,I62L,benign,2.0
ENSG00000183704,G60V,benign,-3.0
ENSG00000183704,Y57S,benign,-2.0
ENSG00000183704,F48L,pathogenic,0.0
ENSG00000183704,L42I,benign,2.0
ENSG00000183704,S37R,pathogenic,-1.0
ENSG00000183704,S37I,pathogenic,-2.0
ENSG00000183704,E27K,benign,1.0
ENSG00000183704,L18F,pathogenic,0.0
ENSG00000114374,M1V,pathogenic,1.0
ENSG00000114374,G7V,pathogenic,-3.0
ENSG00000114374,D14N,benign,1.0
ENSG00000114374,D14E,benign,2.0
ENSG00000114374,S15N,benign,1.0
ENSG00000114374,N31K,benign,0.0
ENSG00000114374,V44I,benign,3.0
ENSG00000114374,T46N,benign,0.0
ENSG00000114374,P48S,benign,-1.0
ENSG00000114374,E65D,benign,2.0
ENSG00000114374,A67P,benign,-1.0
ENSG00000114374,H70Y,benign,2.0
ENSG00000114374,P83A,benign,-1.0
ENSG00000114374,V87I,benign,3.0
ENSG00000114374,V89I,pathogenic,3.0
ENSG00000114374,V89L,pathogenic,1.0
ENSG00000114374,E96K,pathogenic,1.0
ENSG00000114374,S114T,benign,1.0
ENSG00000114374,E115V,pathogenic,-2.0
ENSG00000114374,R119H,pathogenic,0.0
ENSG00000114374,G124V,benign,-3.0
ENSG00000114374,M134L,benign,2.0
ENSG00000114374,C148Y,benign,-2.0
ENSG00000114374,N152D,pathogenic,1.0
ENSG00000114374,N152S,pathogenic,1.0
ENSG00000114374,H154Y,benign,2.0
ENSG00000114374,R155H,benign,0.0
ENSG00000114374,P170L,pathogenic,-3.0
ENSG00000114374,E173Q,benign,2.0
ENSG00000114374,A176T,benign,0.0
ENSG00000114374,K184R,benign,2.0
ENSG00000114374,N189S,pathogenic,1.0
ENSG00000114374,P193Q,benign,-1.0
ENSG00000114374,D206G,benign,-1.0
ENSG00000114374,R211C,benign,-3.0
ENSG00000114374,R211H,benign,0.0
ENSG00000114374,L222I,pathogenic,2.0
ENSG00000114374,N233S,benign,1.0
ENSG00000114374,H239Y,benign,2.0
ENSG00000114374,R241H,pathogenic,0.0
ENSG00000114374,N244D,benign,1.0
ENSG00000114374,Y264F,benign,3.0
ENSG00000114374,H270R,benign,0.0
ENSG00000114374,K296Q,pathogenic,1.0
ENSG00000114374,K300N,pathogenic,0.0
ENSG00000114374,E302G,pathogenic,-2.0
ENSG00000114374,L308P,pathogenic,-3.0
ENSG00000114374,M310V,benign,1.0
ENSG00000114374,M310T,benign,-1.0
ENSG00000114374,M310I,benign,1.0
ENSG00000114374,L318F,pathogenic,0.0
ENSG00000114374,I329R,benign,-3.0
ENSG00000114374,R336G,pathogenic,-2.0
ENSG00000114374,E358K,pathogenic,1.0
ENSG00000114374,N360K,pathogenic,0.0
ENSG00000114374,I363L,benign,2.0
ENSG00000114374,R372Q,benign,1.0
ENSG00000114374,T383P,pathogenic,-1.0
ENSG00000114374,I391V,pathogenic,3.0
ENSG00000114374,I396T,benign,-1.0
ENSG00000114374,L401F,pathogenic,0.0
ENSG00000114374,Q402E,benign,2.0
ENSG00000114374,Q407E,benign,2.0
ENSG00000114374,L418I,benign,2.0
ENSG00000114374,T428K,benign,-1.0
ENSG00000114374,D433G,benign,-1.0
ENSG00000114374,V447L,benign,1.0
ENSG00000114374,V450L,benign,1.0
ENSG00000114374,L466H,pathogenic,-3.0
ENSG00000114374,D471E,benign,2.0
ENSG00000114374,S476R,pathogenic,-1.0
ENSG00000114374,R485H,pathogenic,0.0
ENSG00000114374,E490K,pathogenic,1.0
ENSG00000114374,L491S,pathogenic,-2.0
ENSG00000114374,I492T,pathogenic,-1.0
ENSG00000114374,R494H,pathogenic,0.0
ENSG00000114374,L495P,pathogenic,-3.0
ENSG00000114374,D501H,pathogenic,-1.0
ENSG00000114374,W513C,pathogenic,-2.0
ENSG00000114374,Q517H,benign,0.0
ENSG00000114374,P522S,pathogenic,-1.0
ENSG00000114374,I525N,pathogenic,-3.0
ENSG00000114374,H533P,pathogenic,-2.0
ENSG00000114374,I534L,benign,2.0
ENSG00000114374,I536L,pathogenic,2.0
ENSG00000114374,D544N,pathogenic,1.0
ENSG00000114374,R561H,benign,0.0
ENSG00000114374,V567L,pathogenic,1.0
ENSG00000114374,E576Q,pathogenic,2.0
ENSG00000114374,S579C,benign,-1.0
ENSG00000114374,R593Q,benign,1.0
ENSG00000114374,S594T,benign,1.0
ENSG00000114374,I597V,benign,3.0
ENSG00000114374,R600C,pathogenic,-3.0
ENSG00000114374,R600H,pathogenic,0.0
ENSG00000114374,A612G,benign,0.0
ENSG00000114374,A618T,benign,0.0
ENSG00000114374,M625V,benign,1.0
ENSG00000114374,L630M,benign,2.0
ENSG00000114374,L630S,benign,-2.0
ENSG00000114374,A632V,benign,0.0
ENSG00000114374,Q641L,benign,-2.0
ENSG00000114374,N660K,benign,0.0
ENSG00000114374,R663G,pathogenic,-2.0
ENSG00000114374,G669D,pathogenic,-1.0
ENSG00000114374,L673F,pathogenic,0.0
ENSG00000114374,L673R,pathogenic,-2.0
ENSG00000114374,I681T,pathogenic,-1.0
ENSG00000114374,C684Y,pathogenic,-2.0
ENSG00000114374,A689S,benign,1.0
ENSG00000114374,R695C,pathogenic,-3.0
ENSG00000114374,R695H,pathogenic,0.0
ENSG00000114374,K718R,benign,2.0
ENSG00000114374,S731T,benign,1.0
ENSG00000114374,N749S,pathogenic,1.0
ENSG00000114374,R751G,benign,-2.0
ENSG00000114374,S761Y,benign,-2.0
ENSG00000114374,M763V,benign,1.0
ENSG00000114374,D784N,pathogenic,1.0
ENSG00000114374,E785K,benign,1.0
ENSG00000114374,I791V,benign,3.0
ENSG00000114374,I797L,benign,2.0
ENSG00000114374,G802D,pathogenic,-1.0
ENSG00000114374,N808S,benign,1.0
ENSG00000114374,R823H,pathogenic,0.0
ENSG00000114374,D837E,benign,2.0
ENSG00000114374,C843F,benign,-2.0
ENSG00000114374,H870R,benign,0.0
ENSG00000114374,I875S,pathogenic,-2.0
ENSG00000114374,I875M,pathogenic,1.0
ENSG00000114374,P877R,pathogenic,-2.0
ENSG00000114374,S879L,benign,-2.0
ENSG00000114374,R883C,pathogenic,-3.0
ENSG00000114374,V891L,benign,1.0
ENSG00000114374,R892W,pathogenic,-3.0
ENSG00000114374,Q899E,benign,2.0
ENSG00000114374,D904G,benign,-1.0
ENSG00000114374,T909M,pathogenic,-1.0
ENSG00000114374,I913V,benign,3.0
ENSG00000114374,R917W,pathogenic,-3.0
ENSG00000114374,R918Q,pathogenic,1.0
ENSG00000114374,I920V,benign,3.0
ENSG00000114374,G952E,benign,-2.0
ENSG00000114374,D958N,pathogenic,1.0
ENSG00000114374,K965R,pathogenic,2.0
ENSG00000114374,D982N,benign,1.0
ENSG00000114374,A986T,benign,0.0
ENSG00000114374,R992C,benign,-3.0
ENSG00000114374,R992H,benign,0.0
ENSG00000114374,N993D,benign,1.0
ENSG00000114374,N1000S,benign,1.0
ENSG00000114374,L1001Q,benign,-2.0
ENSG00000114374,N1031Y,benign,-2.0
ENSG00000114374,P1036S,benign,-1.0
ENSG00000114374,M1045T,benign,-1.0
ENSG00000114374,P1050L,benign,-3.0
ENSG00000114374,R1052K,benign,2.0
ENSG00000114374,V1055I,benign,3.0
ENSG00000114374,A1060T,benign,0.0
ENSG00000114374,V1061I,benign,3.0
ENSG00000114374,H1065Y,benign,2.0
ENSG00000114374,H1065R,benign,0.0
ENSG00000114374,S1074T,benign,1.0
ENSG00000114374,L1080I,benign,2.0
ENSG00000114374,A1098V,benign,0.0
ENSG00000114374,S1111F,benign,-2.0
ENSG00000114374,P1125H,benign,-2.0
ENSG00000114374,E1143D,benign,2.0
ENSG00000114374,L1153F,pathogenic,0.0
ENSG00000114374,A1162V,benign,0.0
ENSG00000114374,I1163T,benign,-1.0
ENSG00000114374,R1169Q,benign,1.0
ENSG00000114374,C1175W,benign,-2.0
ENSG00000114374,D1180G,benign,-1.0
ENSG00000114374,T1192I,benign,-1.0
ENSG00000114374,P1209A,benign,-1.0
ENSG00000114374,V1214I,benign,3.0
ENSG00000114374,I1226M,benign,1.0
ENSG00000114374,R1232I,benign,-3.0
ENSG00000114374,M1234L,benign,2.0
ENSG00000114374,M1234I,benign,1.0
ENSG00000114374,R1241G,benign,-2.0
ENSG00000114374,Q1270K,benign,1.0
ENSG00000114374,N1274S,benign,1.0
ENSG00000114374,S1276G,benign,0.0
ENSG00000114374,D1283N,pathogenic,1.0
ENSG00000114374,V1286I,benign,3.0
ENSG00000114374,Q1315H,benign,0.0
ENSG00000114374,R1382Q,benign,1.0
ENSG00000114374,N1386T,benign,0.0
ENSG00000114374,N1386S,benign,1.0
ENSG00000114374,N1390D,benign,1.0
ENSG00000114374,G1391D,benign,-1.0
ENSG00000114374,N1392S,benign,1.0
ENSG00000114374,N1397S,benign,1.0
ENSG00000114374,L1402P,pathogenic,-3.0
ENSG00000114374,T1422I,benign,-1.0
ENSG00000114374,I1428L,benign,2.0
ENSG00000114374,E1430D,pathogenic,2.0
ENSG00000114374,N1459D,benign,1.0
ENSG00000114374,K1474T,benign,-1.0
ENSG00000114374,E1488D,benign,2.0
ENSG00000114374,I1491N,benign,-3.0
ENSG00000114374,V1498I,benign,3.0
ENSG00000114374,I1500V,benign,3.0
ENSG00000114374,A1509T,benign,0.0
ENSG00000114374,A1534T,benign,0.0
ENSG00000114374,V1550G,pathogenic,-3.0
ENSG00000114374,R1553C,benign,-3.0
ENSG00000114374,P1555S,benign,-1.0
ENSG00000114374,F1558S,pathogenic,-2.0
ENSG00000114374,A1566S,pathogenic,1.0
ENSG00000114374,C1568Y,pathogenic,-2.0
ENSG00000114374,N1571I,pathogenic,-3.0
ENSG00000114374,I1583V,benign,3.0
ENSG00000114374,I1587V,benign,3.0
ENSG00000114374,G1592S,benign,0.0
ENSG00000114374,L1597F,benign,0.0
ENSG00000114374,D1599N,pathogenic,1.0
ENSG00000114374,G1603R,benign,-2.0
ENSG00000114374,D1614H,pathogenic,-1.0
ENSG00000114374,R1616Q,benign,1.0
ENSG00000114374,G1644R,pathogenic,-2.0
ENSG00000114374,L1646I,pathogenic,2.0
ENSG00000114374,H1648R,benign,0.0
ENSG00000114374,H1648Q,benign,0.0
ENSG00000114374,L1649V,benign,1.0
ENSG00000114374,I1652V,benign,3.0
ENSG00000114374,L1656V,pathogenic,1.0
ENSG00000114374,A1658V,benign,0.0
ENSG00000114374,Y1664C,pathogenic,-2.0
ENSG00000114374,R1683C,pathogenic,-3.0
ENSG00000114374,R1683H,pathogenic,0.0
ENSG00000114374,V1696M,pathogenic,1.0
ENSG00000114374,H1708Y,benign,2.0
ENSG00000114374,A1710S,benign,1.0
ENSG00000114374,I1711M,benign,1.0
ENSG00000114374,S1713N,benign,1.0
ENSG00000114374,I1746V,pathogenic,3.0
ENSG00000114374,H1772Y,benign,2.0
ENSG00000114374,E1774D,pathogenic,2.0
ENSG00000114374,D1777G,benign,-1.0
ENSG00000114374,R1785C,pathogenic,-3.0
ENSG00000114374,R1785H,pathogenic,0.0
ENSG00000114374,I1788L,pathogenic,2.0
ENSG00000114374,I1788V,pathogenic,3.0
ENSG00000114374,R1793Q,benign,1.0
ENSG00000114374,I1797L,pathogenic,2.0
ENSG00000114374,L1799H,pathogenic,-3.0
ENSG00000114374,F1802S,pathogenic,-2.0
ENSG00000114374,Y1804C,pathogenic,-2.0
ENSG00000114374,V1831A,pathogenic,0.0
ENSG00000114374,E1838A,pathogenic,-1.0
ENSG00000114374,K1852R,benign,2.0
ENSG00000114374,Q1854R,benign,1.0
ENSG00000114374,S1855P,benign,-1.0
ENSG00000114374,N1857S,benign,1.0
ENSG00000114374,G1869E,pathogenic,-2.0
ENSG00000114374,Q1876R,pathogenic,1.0
ENSG00000114374,S1878R,pathogenic,-1.0
ENSG00000114374,G1879S,pathogenic,0.0
ENSG00000114374,Q1895P,benign,-1.0
ENSG00000114374,T1896K,benign,-1.0
ENSG00000114374,D1913G,pathogenic,-1.0
ENSG00000114374,M1928V,benign,1.0
ENSG00000114374,H1934Y,pathogenic,2.0
ENSG00000114374,M1958V,benign,1.0
ENSG00000114374,M1958T,benign,-1.0
ENSG00000114374,M1960I,benign,1.0
ENSG00000114374,E1966K,benign,1.0
ENSG00000114374,M1967T,benign,-1.0
ENSG00000114374,A1977S,benign,1.0
ENSG00000114374,P1979T,benign,-1.0
ENSG00000114374,R1993W,benign,-3.0
ENSG00000114374,R1993Q,benign,1.0
ENSG00000114374,Q1995K,benign,1.0
ENSG00000114374,R2003Q,benign,1.0
ENSG00000114374,L2018F,benign,0.0
ENSG00000114374,C2020S,benign,-1.0
ENSG00000114374,N2021D,pathogenic,1.0
ENSG00000114374,P2029S,benign,-1.0
ENSG00000114374,T2042S,benign,1.0
ENSG00000114374,M2043L,benign,2.0
ENSG00000114374,M2043V,benign,1.0
ENSG00000114374,T2056A,benign,0.0
ENSG00000114374,I2063T,benign,-1.0
ENSG00000114374,R2065C,pathogenic,-3.0
ENSG00000114374,R2065H,pathogenic,0.0
ENSG00000114374,V2077I,benign,3.0
ENSG00000114374,R2080C,benign,-3.0
ENSG00000114374,R2080H,benign,0.0
ENSG00000114374,N2099H,benign,1.0
ENSG00000114374,R2100C,pathogenic,-3.0
ENSG00000114374,L2105F,pathogenic,0.0
ENSG00000114374,P2109A,pathogenic,-1.0
ENSG00000114374,G2115R,benign,-2.0
ENSG00000114374,I2121V,benign,3.0
ENSG00000114374,S2140T,benign,1.0
ENSG00000114374,S2145G,benign,0.0
ENSG00000114374,S2154R,pathogenic,-1.0
ENSG00000114374,H2156R,benign,0.0
ENSG00000114374,T2161I,benign,-1.0
ENSG00000114374,E2171D,benign,2.0
ENSG00000114374,H2174Q,benign,0.0
ENSG00000114374,Q2177E,benign,2.0
ENSG00000114374,Q2196E,benign,2.0
ENSG00000114374,E2213K,pathogenic,1.0
ENSG00000114374,N2241S,benign,1.0
ENSG00000114374,N2251S,benign,1.0
ENSG00000114374,G2261S,benign,0.0
ENSG00000114374,L2263F,benign,0.0
ENSG00000114374,V2287A,benign,0.0
ENSG00000114374,S2295R,benign,-1.0
ENSG00000114374,R2305S,benign,-1.0
ENSG00000114374,E2321K,benign,1.0
ENSG00000114374,W2324C,pathogenic,-2.0
ENSG00000114374,R2335Q,benign,1.0
ENSG00000114374,L2341R,pathogenic,-2.0
ENSG00000114374,I2344M,benign,1.0
ENSG00000114374,D2349N,pathogenic,1.0
ENSG00000114374,D2365G,benign,-1.0
ENSG00000114374,D2372E,benign,2.0
ENSG00000114374,T2373I,benign,-1.0
ENSG00000114374,R2376C,pathogenic,-3.0
ENSG00000114374,S2377L,pathogenic,-2.0
ENSG00000114374,Y2381C,pathogenic,-2.0
ENSG00000114374,A2385T,pathogenic,0.0
ENSG00000114374,A2385V,pathogenic,0.0
ENSG00000114374,I2389L,pathogenic,2.0
ENSG00000114374,C2391Y,benign,-2.0
ENSG00000114374,P2400L,benign,-3.0
ENSG00000114374,V2401I,benign,3.0
ENSG00000114374,A2402G,benign,0.0
ENSG00000114374,Q2407R,pathogenic,1.0
ENSG00000114374,K2415R,pathogenic,2.0
ENSG00000114374,W2422C,pathogenic,-2.0
ENSG00000114374,G2424V,pathogenic,-3.0
ENSG00000114374,D2425Y,pathogenic,-3.0
ENSG00000114374,Y2432C,pathogenic,-2.0
ENSG00000114374,Y2438H,pathogenic,2.0
ENSG00000114374,Y2438C,pathogenic,-2.0
ENSG00000114374,Y2440C,pathogenic,-2.0
ENSG00000114374,V2447I,benign,3.0
ENSG00000114374,G2455A,pathogenic,0.0
ENSG00000114374,S2463G,pathogenic,0.0
ENSG00000114374,S2463N,pathogenic,1.0
ENSG00000114374,A2469E,benign,-1.0
ENSG00000114374,A2469V,benign,0.0
ENSG00000114374,E2488K,benign,1.0
ENSG00000114374,P2493A,benign,-1.0
ENSG00000114374,S2494P,benign,-1.0
ENSG00000114374,P2498R,benign,-2.0
ENSG00000114374,P2504S,benign,-1.0
ENSG00000114374,P2504H,benign,-2.0
ENSG00000114374,Y2508C,benign,-2.0
ENSG00000114374,H2513R,benign,0.0
ENSG00000114374,V2514G,benign,-3.0
ENSG00000114374,A2523T,pathogenic,0.0
ENSG00000114374,N2528H,pathogenic,1.0
ENSG00000114374,N2528Y,pathogenic,-2.0
ENSG00000114374,R2536Q,benign,1.0
ENSG00000114374,Q2538P,benign,-1.0
ENSG00000114374,G2543D,benign,-1.0
ENSG00000114374,S2548F,benign,-2.0
ENSG00000114374,M2552V,benign,1.0
ENSG00000067048,V4A,benign,0.0
ENSG00000067048,A30G,benign,0.0
ENSG00000067048,H53R,benign,0.0
ENSG00000067048,D67G,benign,-1.0
ENSG00000067048,F72L,pathogenic,0.0
ENSG00000067048,D76N,benign,1.0
ENSG00000067048,R87L,benign,-2.0
ENSG00000067048,R98H,benign,0.0
ENSG00000067048,D104G,benign,-1.0
ENSG00000067048,G105S,benign,0.0
ENSG00000067048,G107A,benign,0.0
ENSG00000067048,P112T,benign,-1.0
ENSG00000067048,G115V,benign,-3.0
ENSG00000067048,A168G,benign,0.0
ENSG00000067048,E194D,benign,2.0
ENSG00000067048,I240L,benign,2.0
ENSG00000067048,T242I,benign,-1.0
ENSG00000067048,E247D,benign,2.0
ENSG00000067048,A251T,benign,0.0
ENSG00000067048,I266V,benign,3.0
ENSG00000067048,I304T,benign,-1.0
ENSG00000067048,E397D,benign,2.0
ENSG00000067048,T409A,benign,0.0
ENSG00000067048,E421K,benign,1.0
ENSG00000067048,G437E,benign,-2.0
ENSG00000067048,S438T,benign,1.0
ENSG00000067048,D457N,benign,1.0
ENSG00000067048,H461R,benign,0.0
ENSG00000067048,A465T,benign,0.0
ENSG00000067048,E480D,benign,2.0
ENSG00000067048,H483Y,benign,2.0
ENSG00000067048,K489R,benign,2.0
ENSG00000067048,S490R,benign,-1.0
ENSG00000067048,K546R,benign,2.0
ENSG00000067048,M548T,benign,-1.0
ENSG00000067048,M548R,benign,-1.0
ENSG00000067048,K552R,benign,2.0
ENSG00000067048,E570A,benign,-1.0
ENSG00000067048,H577Y,benign,2.0
ENSG00000067048,H577R,benign,0.0
ENSG00000067048,G581S,benign,0.0
ENSG00000067048,R583C,pathogenic,-3.0
ENSG00000067048,S607G,benign,0.0
ENSG00000067048,S608G,pathogenic,0.0
ENSG00000067048,S608N,pathogenic,1.0
ENSG00000067048,G612S,benign,0.0
ENSG00000067048,G616R,benign,-2.0
ENSG00000067048,S617G,benign,0.0
ENSG00000067048,S621T,pathogenic,1.0
ENSG00000067048,N628K,benign,0.0
ENSG00000183878,F1337L,pathogenic,0.0
ENSG00000183878,E1323K,pathogenic,1.0
ENSG00000183878,S1313G,benign,0.0
ENSG00000183878,T1312S,benign,1.0
ENSG00000183878,R1310Q,benign,1.0
ENSG00000183878,Y1301H,benign,2.0
ENSG00000183878,T1297A,benign,0.0
ENSG00000183878,N1287S,benign,1.0
ENSG00000183878,N1271S,benign,1.0
ENSG00000183878,R1269Q,pathogenic,1.0
ENSG00000183878,R1269W,pathogenic,-3.0
ENSG00000183878,A1260S,benign,1.0
ENSG00000183878,R1226Q,benign,1.0
ENSG00000183878,R1160Q,pathogenic,1.0
ENSG00000183878,L1065F,pathogenic,0.0
ENSG00000183878,A1062P,benign,-1.0
ENSG00000183878,I1035V,benign,3.0
ENSG00000183878,R1079Q,benign,1.0
ENSG00000183878,R1079W,benign,-3.0
ENSG00000183878,A1069T,benign,0.0
ENSG00000183878,L1055H,benign,-3.0
ENSG00000183878,V1041A,benign,0.0
ENSG00000183878,L1019V,benign,1.0
ENSG00000183878,R1015Q,benign,1.0
ENSG00000183878,P1009L,benign,-3.0
ENSG00000183878,F990L,pathogenic,0.0
ENSG00000183878,K981R,benign,2.0
ENSG00000183878,S972G,pathogenic,0.0
ENSG00000183878,C970F,pathogenic,-2.0
ENSG00000183878,C970Y,pathogenic,-2.0
ENSG00000183878,R969H,benign,0.0
ENSG00000183878,M944T,benign,-1.0
ENSG00000183878,N940D,pathogenic,1.0
ENSG00000183878,E938D,pathogenic,2.0
ENSG00000183878,R918H,pathogenic,0.0
ENSG00000183878,T872P,benign,-1.0
ENSG00000183878,K852R,benign,2.0
ENSG00000183878,V843F,pathogenic,-1.0
ENSG00000183878,P838R,pathogenic,-2.0
ENSG00000183878,S821R,benign,-1.0
ENSG00000183878,N802T,pathogenic,0.0
ENSG00000183878,T800A,benign,0.0
ENSG00000183878,I785V,benign,3.0
ENSG00000183878,S771F,pathogenic,-2.0
ENSG00000183878,T756A,benign,0.0
ENSG00000183878,H755N,benign,1.0
ENSG00000183878,N748S,benign,1.0
ENSG00000183878,T741A,benign,0.0
ENSG00000183878,N738S,benign,1.0
ENSG00000183878,S728F,pathogenic,-2.0
ENSG00000183878,L719V,benign,1.0
ENSG00000183878,N712D,benign,1.0
ENSG00000183878,L703S,benign,-2.0
ENSG00000183878,H699Q,pathogenic,0.0
ENSG00000183878,H699R,benign,0.0
ENSG00000183878,K694E,benign,1.0
ENSG00000183878,V693I,benign,3.0
ENSG00000183878,T683A,benign,0.0
ENSG00000183878,T683P,benign,-1.0
ENSG00000183878,V676A,benign,0.0
ENSG00000183878,V676M,benign,1.0
ENSG00000183878,S667N,pathogenic,1.0
ENSG00000183878,M662I,benign,1.0
ENSG00000183878,H647R,pathogenic,0.0
ENSG00000183878,S636G,benign,0.0
ENSG00000183878,P635R,pathogenic,-2.0
ENSG00000183878,G624A,benign,0.0
ENSG00000183878,S622N,benign,1.0
ENSG00000183878,T612S,benign,1.0
ENSG00000183878,P608L,benign,-3.0
ENSG00000183878,P603S,benign,-1.0
ENSG00000183878,S595N,benign,1.0
ENSG00000183878,K594N,pathogenic,0.0
ENSG00000183878,A589T,benign,0.0
ENSG00000183878,S588P,benign,-1.0
ENSG00000183878,L585P,benign,-3.0
ENSG00000183878,P580S,benign,-1.0
ENSG00000183878,N569D,benign,1.0
ENSG00000183878,N562S,benign,1.0
ENSG00000183878,N553D,pathogenic,1.0
ENSG00000183878,E551G,benign,-2.0
ENSG00000183878,N545S,benign,1.0
ENSG00000183878,S544N,benign,1.0
ENSG00000183878,I533V,benign,3.0
ENSG00000183878,T530K,pathogenic,-1.0
ENSG00000183878,C528S,benign,-1.0
ENSG00000183878,A523S,benign,1.0
ENSG00000183878,L516S,benign,-2.0
ENSG00000183878,E513G,benign,-2.0
ENSG00000183878,R508P,benign,-2.0
ENSG00000183878,R508H,benign,0.0
ENSG00000183878,G506E,benign,-2.0
ENSG00000183878,S501R,benign,-1.0
ENSG00000183878,A495T,benign,0.0
ENSG00000183878,H493N,benign,1.0
ENSG00000183878,Q491L,benign,-2.0
ENSG00000183878,P483R,pathogenic,-2.0
ENSG00000183878,G475R,pathogenic,-2.0
ENSG00000183878,T470S,benign,1.0
ENSG00000183878,R468Q,benign,1.0
ENSG00000183878,E463Q,benign,2.0
ENSG00000183878,Q457H,benign,0.0
ENSG00000183878,Q457P,pathogenic,-1.0
ENSG00000183878,Q445R,benign,1.0
ENSG00000183878,H444R,benign,0.0
ENSG00000183878,P440T,benign,-1.0
ENSG00000183878,D436E,benign,2.0
ENSG00000183878,D436E,benign,2.0
ENSG00000183878,Q430H,benign,0.0
ENSG00000183878,L428W,benign,-2.0
ENSG00000183878,Q426E,benign,2.0
ENSG00000183878,H410Y,benign,2.0
ENSG00000183878,H409R,benign,0.0
ENSG00000183878,T386S,benign,1.0
ENSG00000183878,N383D,pathogenic,1.0
ENSG00000183878,S382T,benign,1.0
ENSG00000183878,R380L,benign,-2.0
ENSG00000183878,Y372F,pathogenic,3.0
ENSG00000183878,N363S,benign,1.0
ENSG00000183878,A350T,pathogenic,0.0
ENSG00000183878,K310N,pathogenic,0.0
ENSG00000183878,I302V,benign,3.0
ENSG00000183878,G295R,pathogenic,-2.0
ENSG00000183878,I294T,pathogenic,-1.0
ENSG00000183878,L274W,pathogenic,-2.0
ENSG00000183878,D258G,benign,-1.0
ENSG00000183878,L255Q,benign,-2.0
ENSG00000183878,N233D,benign,1.0
ENSG00000183878,H219R,benign,0.0
ENSG00000183878,A142V,pathogenic,0.0
ENSG00000183878,R115K,benign,2.0
ENSG00000183878,S111P,pathogenic,-1.0
ENSG00000183878,A84G,benign,0.0
ENSG00000183878,R75C,benign,-3.0
ENSG00000183878,T66R,benign,-1.0
ENSG00000183878,D62Y,pathogenic,-3.0
ENSG00000183878,E61Q,pathogenic,2.0
ENSG00000183878,H60L,benign,-3.0
ENSG00000183878,R58S,benign,-1.0
ENSG00000183878,V57L,benign,1.0
ENSG00000183878,L53F,benign,0.0
ENSG00000183878,R52H,benign,0.0
ENSG00000183878,M49V,benign,1.0
ENSG00000183878,E41K,benign,1.0
ENSG00000183878,T39P,pathogenic,-1.0
ENSG00000183878,S37T,benign,1.0
ENSG00000183878,E34V,benign,-2.0
ENSG00000183878,E34G,benign,-2.0
ENSG00000183878,E34A,benign,-1.0
ENSG00000183878,E34Q,benign,2.0
ENSG00000183878,E33D,benign,2.0
ENSG00000183878,E32K,benign,1.0
ENSG00000183878,E30K,benign,1.0
ENSG00000183878,E24D,benign,2.0
ENSG00000183878,E18D,benign,2.0
ENSG00000183878,D17Y,pathogenic,-3.0
ENSG00000183878,G16V,pathogenic,-3.0
ENSG00000183878,G16R,pathogenic,-2.0
ENSG00000183878,T10A,benign,0.0
ENSG00000183878,L8F,pathogenic,0.0
ENSG00000154620,M7I,benign,1.0
ENSG00000154620,E9D,pathogenic,2.0
ENSG00000154620,D14G,benign,-1.0
ENSG00000154620,S16W,pathogenic,-3.0
ENSG00000154620,Q24H,pathogenic,0.0
ENSG00000154620,P28Q,pathogenic,-1.0
ENSG00000165246,S16F,benign,-2.0
ENSG00000165246,N24S,benign,1.0
ENSG00000165246,L27M,pathogenic,2.0
ENSG00000165246,A31V,benign,0.0
ENSG00000165246,F36V,benign,-1.0
ENSG00000165246,G53D,pathogenic,-1.0
ENSG00000165246,E65K,benign,1.0
ENSG00000165246,I66T,benign,-1.0
ENSG00000165246,P81S,pathogenic,-1.0
ENSG00000165246,P82S,pathogenic,-1.0
ENSG00000165246,L114P,benign,-3.0
ENSG00000165246,E116G,benign,-2.0
ENSG00000165246,R117G,benign,-2.0
ENSG00000165246,Q142E,benign,2.0
ENSG00000165246,Y148N,pathogenic,-2.0
ENSG00000165246,G158R,pathogenic,-2.0
ENSG00000165246,N160I,benign,-3.0
ENSG00000165246,E175K,benign,1.0
ENSG00000165246,K177T,benign,-1.0
ENSG00000165246,D178N,benign,1.0
ENSG00000165246,G194R,pathogenic,-2.0
ENSG00000165246,G195V,pathogenic,-3.0
ENSG00000165246,M204T,benign,-1.0
ENSG00000165246,S208I,pathogenic,-2.0
ENSG00000165246,T220I,pathogenic,-1.0
ENSG00000165246,M230V,benign,1.0
ENSG00000165246,A233E,benign,-1.0
ENSG00000165246,R234H,benign,0.0
ENSG00000165246,G237A,benign,0.0
ENSG00000165246,N243S,benign,1.0
ENSG00000165246,T250P,benign,-1.0
ENSG00000165246,N254I,benign,-3.0
ENSG00000165246,F255L,benign,0.0
ENSG00000165246,A218T,pathogenic,0.0
ENSG00000165246,S253P,pathogenic,-1.0
ENSG00000165246,G256E,pathogenic,-2.0
ENSG00000165246,S280N,pathogenic,1.0
ENSG00000165246,S280R,pathogenic,-1.0
ENSG00000165246,S286R,pathogenic,-1.0
ENSG00000165246,K303E,pathogenic,1.0
ENSG00000165246,K303N,pathogenic,0.0
ENSG00000165246,M308V,benign,1.0
ENSG00000165246,D310A,pathogenic,-2.0
ENSG00000165246,T332N,benign,0.0
ENSG00000165246,D351H,pathogenic,-1.0
ENSG00000165246,G374E,pathogenic,-2.0
ENSG00000165246,E375Q,pathogenic,2.0
ENSG00000165246,G376S,pathogenic,0.0
ENSG00000165246,F379I,pathogenic,0.0
ENSG00000165246,N386D,benign,1.0
ENSG00000165246,G389R,benign,-2.0
ENSG00000165246,D394E,pathogenic,2.0
ENSG00000165246,N405K,benign,0.0
ENSG00000165246,L406I,pathogenic,2.0
ENSG00000165246,L406F,pathogenic,0.0
ENSG00000165246,P410S,pathogenic,-1.0
ENSG00000165246,D414N,pathogenic,1.0
ENSG00000165246,D414G,pathogenic,-1.0
ENSG00000165246,W427C,pathogenic,-2.0
ENSG00000165246,D429N,pathogenic,1.0
ENSG00000165246,D429G,pathogenic,-1.0
ENSG00000165246,E431D,benign,2.0
ENSG00000165246,A453S,pathogenic,1.0
ENSG00000165246,V454M,pathogenic,1.0
ENSG00000165246,A457T,pathogenic,0.0
ENSG00000165246,Y463C,pathogenic,-2.0
ENSG00000165246,G464S,pathogenic,0.0
ENSG00000165246,P466R,pathogenic,-2.0
ENSG00000165246,T467A,pathogenic,0.0
ENSG00000165246,H474R,pathogenic,0.0
ENSG00000165246,S483R,benign,-1.0
ENSG00000165246,G498D,pathogenic,-1.0
ENSG00000165246,L519I,pathogenic,2.0
ENSG00000165246,T544I,benign,-1.0
ENSG00000165246,N552S,benign,1.0
ENSG00000165246,R553L,pathogenic,-2.0
ENSG00000165246,V557A,pathogenic,0.0
ENSG00000165246,P576S,pathogenic,-1.0
ENSG00000165246,V578A,pathogenic,0.0
ENSG00000165246,R583W,pathogenic,-3.0
ENSG00000165246,A584P,pathogenic,-1.0
ENSG00000165246,T585M,pathogenic,-1.0
ENSG00000165246,E592K,pathogenic,1.0
ENSG00000165246,M618V,benign,1.0
ENSG00000165246,M618L,benign,2.0
ENSG00000165246,P622A,benign,-1.0
ENSG00000165246,R626Q,pathogenic,1.0
ENSG00000165246,P629L,benign,-3.0
ENSG00000165246,A630V,benign,0.0
ENSG00000165246,W633R,benign,-3.0
ENSG00000165246,T642I,benign,-1.0
ENSG00000165246,S650Y,benign,-2.0
ENSG00000165246,P653L,benign,-3.0
ENSG00000165246,D660N,benign,1.0
ENSG00000165246,I665T,benign,-1.0
ENSG00000165246,E666K,pathogenic,1.0
ENSG00000165246,D670N,pathogenic,1.0
ENSG00000165246,S676N,pathogenic,1.0
ENSG00000165246,G682R,pathogenic,-2.0
ENSG00000165246,D701N,pathogenic,1.0
ENSG00000165246,R709S,benign,-1.0
ENSG00000165246,S712R,benign,-1.0
ENSG00000165246,Q714E,benign,2.0
ENSG00000165246,N716S,benign,1.0
ENSG00000165246,I721V,benign,3.0
ENSG00000165246,T722A,benign,0.0
ENSG00000165246,E727Q,benign,2.0
ENSG00000165246,S767L,pathogenic,-2.0
ENSG00000165246,D769H,pathogenic,-1.0
ENSG00000165246,P776L,benign,-3.0
ENSG00000165246,G788A,pathogenic,0.0
ENSG00000165246,P791S,benign,-1.0
ENSG00000165246,Q802R,benign,1.0
ENSG00000165246,T805I,benign,-1.0
ENSG00000165246,H811L,pathogenic,-3.0
ENSG00000129873,V118F,benign,-1.0
ENSG00000129873,D36N,pathogenic,1.0
ENSG00000182415,R57Q,benign,1.0
ENSG00000182415,P98L,benign,-3.0
ENSG00000182415,F112S,benign,-2.0
ENSG00000182415,M132I,benign,1.0
ENSG00000182415,F148L,benign,0.0
ENSG00000182415,R185Q,benign,1.0
ENSG00000012817,Q1538H,benign,0.0
ENSG00000012817,L1531F,benign,0.0
ENSG00000012817,Q1508K,benign,1.0
ENSG00000012817,H1500R,benign,0.0
ENSG00000012817,R1489H,benign,0.0
ENSG00000012817,R1489C,benign,-3.0
ENSG00000012817,D1488E,benign,2.0
ENSG00000012817,H1482R,benign,0.0
ENSG00000012817,E1479D,benign,2.0
ENSG00000012817,R1478Q,benign,1.0
ENSG00000012817,Q1460R,benign,1.0
ENSG00000012817,V1454A,benign,0.0
ENSG00000012817,N1453K,benign,0.0
ENSG00000012817,R1452K,benign,2.0
ENSG00000012817,R1445Q,benign,1.0
ENSG00000012817,R1442Q,pathogenic,1.0
ENSG00000012817,R1437Q,benign,1.0
ENSG00000012817,S1436I,benign,-2.0
ENSG00000012817,P1413L,pathogenic,-3.0
ENSG00000012817,A1409S,pathogenic,1.0
ENSG00000012817,I1403V,benign,3.0
ENSG00000012817,M1388I,benign,1.0
ENSG00000012817,M1388T,benign,-1.0
ENSG00000012817,M1387V,benign,1.0
ENSG00000012817,L1383M,pathogenic,2.0
ENSG00000012817,P1382L,benign,-3.0
ENSG00000012817,E1359D,benign,2.0
ENSG00000012817,E1359Q,benign,2.0
ENSG00000012817,A1351V,benign,0.0
ENSG00000012817,M1350V,benign,1.0
ENSG00000012817,P1347L,benign,-3.0
ENSG00000012817,V1344M,benign,1.0
ENSG00000012817,G1341E,benign,-2.0
ENSG00000012817,G1326D,benign,-1.0
ENSG00000012817,I1323V,benign,3.0
ENSG00000012817,T1318I,benign,-1.0
ENSG00000012817,T1315I,benign,-1.0
ENSG00000012817,Q1300R,benign,1.0
ENSG00000012817,R1299H,benign,0.0
ENSG00000012817,R1293Q,benign,1.0
ENSG00000012817,R1293G,benign,-2.0
ENSG00000012817,T1289S,benign,1.0
ENSG00000012817,E1286G,benign,-2.0
ENSG00000012817,A1282V,benign,0.0
ENSG00000012817,R1278H,pathogenic,0.0
ENSG00000012817,R1278C,pathogenic,-3.0
ENSG00000012817,R1258Q,pathogenic,1.0
ENSG00000012817,I1245V,benign,3.0
ENSG00000012817,R1236H,pathogenic,0.0
ENSG00000012817,D1226N,benign,1.0
ENSG00000012817,S1217P,benign,-1.0
ENSG00000012817,G1183R,pathogenic,-2.0
ENSG00000012817,V1180L,benign,1.0
ENSG00000012817,S1169P,benign,-1.0
ENSG00000012817,L1162Q,benign,-2.0
ENSG00000012817,P1161L,benign,-3.0
ENSG00000012817,P1159S,benign,-1.0
ENSG00000012817,A1157G,benign,0.0
ENSG00000012817,R1153L,benign,-2.0
ENSG00000012817,R1153C,benign,-3.0
ENSG00000012817,R1152C,pathogenic,-3.0
ENSG00000012817,I1148V,benign,3.0
ENSG00000012817,E1146A,benign,-1.0
ENSG00000012817,K1138N,benign,0.0
ENSG00000012817,F1137L,benign,0.0
ENSG00000012817,I1134T,benign,-1.0
ENSG00000012817,D1129N,benign,1.0
ENSG00000012817,G1121R,benign,-2.0
ENSG00000012817,C1115Y,benign,-2.0
ENSG00000012817,Q1114H,benign,0.0
ENSG00000012817,A1109V,benign,0.0
ENSG00000012817,T1100P,benign,-1.0
ENSG00000012817,S1099N,benign,1.0
ENSG00000012817,A1095T,benign,0.0
ENSG00000012817,T1084A,benign,0.0
ENSG00000012817,K1078R,benign,2.0
ENSG00000012817,T1064A,benign,0.0
ENSG00000012817,Q1057E,benign,2.0
ENSG00000012817,D1036G,benign,-1.0
ENSG00000012817,Y1032H,pathogenic,2.0
ENSG00000012817,E1025A,benign,-1.0
ENSG00000012817,R994H,benign,0.0
ENSG00000012817,P986A,benign,-1.0
ENSG00000012817,H975R,benign,0.0
ENSG00000012817,R969H,benign,0.0
ENSG00000012817,R969C,benign,-3.0
ENSG00000012817,R957Q,benign,1.0
ENSG00000012817,S950G,benign,0.0
ENSG00000012817,A948P,benign,-1.0
ENSG00000012817,A948T,benign,0.0
ENSG00000012817,M937L,benign,2.0
ENSG00000012817,G932D,benign,-1.0
ENSG00000012817,A926S,benign,1.0
ENSG00000012817,L925P,pathogenic,-3.0
ENSG00000012817,Q916R,benign,1.0
ENSG00000012817,Q911K,benign,1.0
ENSG00000012817,V902A,benign,0.0
ENSG00000012817,R894S,benign,-1.0
ENSG00000012817,R889Q,benign,1.0
ENSG00000012817,S884R,benign,-1.0
ENSG00000012817,L878M,pathogenic,2.0
ENSG00000012817,R875C,benign,-3.0
ENSG00000012817,A869T,benign,0.0
ENSG00000012817,E868Q,benign,2.0
ENSG00000012817,K861R,benign,2.0
ENSG00000012817,I857T,benign,-1.0
ENSG00000012817,Q856H,benign,0.0
ENSG00000012817,M854L,benign,2.0
ENSG00000012817,G848V,benign,-3.0
ENSG00000012817,G848S,benign,0.0
ENSG00000012817,R841Q,benign,1.0
ENSG00000012817,L835Q,pathogenic,-2.0
ENSG00000012817,A828G,benign,0.0
ENSG00000012817,V812A,benign,0.0
ENSG00000012817,L802H,pathogenic,-3.0
ENSG00000012817,R795S,benign,-1.0
ENSG00000012817,R792H,benign,0.0
ENSG00000012817,R777H,benign,0.0
ENSG00000012817,R768Q,benign,1.0
ENSG00000012817,N765D,benign,1.0
ENSG00000012817,T762I,benign,-1.0
ENSG00000012817,T762S,benign,1.0
ENSG00000012817,R740Q,pathogenic,1.0
ENSG00000012817,S732R,benign,-1.0
ENSG00000012817,S732G,benign,0.0
ENSG00000012817,N725S,benign,1.0
ENSG00000012817,D716G,benign,-1.0
ENSG00000012817,D713N,benign,1.0
ENSG00000012817,A710T,benign,0.0
ENSG00000012817,F705L,benign,0.0
ENSG00000012817,L690F,benign,0.0
ENSG00000012817,R684Q,benign,1.0
ENSG00000012817,E683D,benign,2.0
ENSG00000012817,E681Q,benign,2.0
ENSG00000012817,V679I,benign,3.0
ENSG00000012817,R668Q,benign,1.0
ENSG00000012817,I662V,benign,3.0
ENSG00000012817,F661L,benign,0.0
ENSG00000012817,V656L,benign,1.0
ENSG00000012817,A653P,pathogenic,-1.0
ENSG00000012817,N651S,benign,1.0
ENSG00000012817,N651D,benign,1.0
ENSG00000012817,M641V,pathogenic,1.0
ENSG00000012817,S633F,pathogenic,-2.0
ENSG00000012817,Y629S,pathogenic,-2.0
ENSG00000012817,R627Q,benign,1.0
ENSG00000012817,R625Q,benign,1.0
ENSG00000012817,Q618R,benign,1.0
ENSG00000012817,R617S,pathogenic,-1.0
ENSG00000012817,R589H,pathogenic,0.0
ENSG00000012817,D548E,benign,2.0
ENSG00000012817,M541I,benign,1.0
ENSG00000012817,S529P,pathogenic,-1.0
ENSG00000012817,G519A,pathogenic,0.0
ENSG00000012817,Y515C,pathogenic,-2.0
ENSG00000012817,I513T,pathogenic,-1.0
ENSG00000012817,H504R,pathogenic,0.0
ENSG00000012817,P490S,pathogenic,-1.0
ENSG00000012817,A482T,benign,0.0
ENSG00000012817,N481S,benign,1.0
ENSG00000012817,P470A,pathogenic,-1.0
ENSG00000012817,M469I,benign,1.0
ENSG00000012817,W464R,pathogenic,-3.0
ENSG00000012817,S462N,pathogenic,1.0
ENSG00000012817,I434T,pathogenic,-1.0
ENSG00000012817,V426M,pathogenic,1.0
ENSG00000012817,L418Q,pathogenic,-2.0
ENSG00000012817,V411A,pathogenic,0.0
ENSG00000012817,N400S,benign,1.0
ENSG00000012817,Q377E,pathogenic,2.0
ENSG00000012817,K367E,benign,1.0
ENSG00000012817,P347L,pathogenic,-3.0
ENSG00000012817,I341V,benign,3.0
ENSG00000012817,S321F,pathogenic,-2.0
ENSG00000012817,Y315C,pathogenic,-2.0
ENSG00000012817,T296I,benign,-1.0
ENSG00000012817,T296S,benign,1.0
ENSG00000012817,H289L,benign,-3.0
ENSG00000012817,H289Y,benign,2.0
ENSG00000012817,T284A,benign,0.0
ENSG00000012817,G278D,benign,-1.0
ENSG00000012817,E274V,benign,-2.0
ENSG00000012817,T270M,benign,-1.0
ENSG00000012817,T270S,benign,1.0
ENSG00000012817,C265Y,benign,-2.0
ENSG00000012817,V259L,benign,1.0
ENSG00000012817,D256V,benign,-3.0
ENSG00000012817,D254G,benign,-1.0
ENSG00000012817,Y239H,pathogenic,2.0
ENSG00000012817,K235N,benign,0.0
ENSG00000012817,H230P,benign,-2.0
ENSG00000012817,T223A,benign,0.0
ENSG00000012817,T223P,benign,-1.0
ENSG00000012817,P220R,pathogenic,-2.0
ENSG00000012817,R212W,pathogenic,-3.0
ENSG00000012817,S208N,benign,1.0
ENSG00000012817,N183S,benign,1.0
ENSG00000012817,N183H,benign,1.0
ENSG00000012817,C176G,benign,-3.0
ENSG00000012817,V174M,benign,1.0
ENSG00000012817,H173R,benign,0.0
ENSG00000012817,R159L,pathogenic,-2.0
ENSG00000012817,R159C,pathogenic,-3.0
ENSG00000012817,S151C,pathogenic,-1.0
ENSG00000012817,Y143H,pathogenic,2.0
ENSG00000012817,R133Q,pathogenic,1.0
ENSG00000012817,R132L,pathogenic,-2.0
ENSG00000012817,R132H,pathogenic,0.0
ENSG00000012817,L115F,pathogenic,0.0
ENSG00000012817,N104S,benign,1.0
ENSG00000012817,I102T,pathogenic,-1.0
ENSG00000012817,F92L,pathogenic,0.0
ENSG00000012817,V69I,benign,3.0
ENSG00000012817,R68C,pathogenic,-3.0
ENSG00000012817,N62S,benign,1.0
ENSG00000012817,R47C,pathogenic,-3.0
ENSG00000012817,E39G,benign,-2.0
ENSG00000012817,R35M,pathogenic,-1.0
ENSG00000012817,Q25R,benign,1.0
ENSG00000012817,F17I,pathogenic,0.0
ENSG00000012817,P15L,pathogenic,-3.0
ENSG00000012817,G4E,benign,-2.0
ENSG00000012817,G4R,benign,-2.0
ENSG00000012817,P3L,benign,-3.0
ENSG00000198692,G54C,pathogenic,-3.0
ENSG00000198692,D83Y,pathogenic,-3.0
ENSG00000198692,A105T,benign,0.0
ENSG00000198692,P123A,benign,-1.0
ENSG00000157828,R3Q,benign,1.0
ENSG00000157828,K7T,pathogenic,-1.0
ENSG00000157828,V12A,benign,0.0
ENSG00000157828,P15L,pathogenic,-3.0
ENSG00000157828,H17L,benign,-3.0
ENSG00000157828,A28E,pathogenic,-1.0
ENSG00000157828,R30H,benign,0.0
ENSG00000157828,K37Q,benign,1.0
ENSG00000157828,E40D,benign,2.0
ENSG00000157828,C65G,benign,-3.0
ENSG00000157828,M66V,benign,1.0
ENSG00000157828,M66K,benign,-1.0
ENSG00000157828,F69V,benign,-1.0
ENSG00000157828,G74V,pathogenic,-3.0
ENSG00000157828,R77Q,benign,1.0
ENSG00000157828,V78M,benign,1.0
ENSG00000157828,I87K,benign,-3.0
ENSG00000157828,D88N,benign,1.0
ENSG00000157828,H98Y,benign,2.0
ENSG00000157828,R100C,benign,-3.0
ENSG00000157828,R100H,benign,0.0
ENSG00000157828,K120E,benign,1.0
ENSG00000157828,Y121H,benign,2.0
ENSG00000157828,T133A,benign,0.0
ENSG00000157828,G135E,benign,-2.0
ENSG00000157828,R145Q,benign,1.0
ENSG00000157828,L153V,benign,1.0
ENSG00000157828,Q161R,benign,1.0
ENSG00000157828,L164I,benign,2.0
ENSG00000157828,D176H,benign,-1.0
ENSG00000157828,G190S,pathogenic,0.0
ENSG00000157828,R191C,pathogenic,-3.0
ENSG00000157828,H201R,benign,0.0
ENSG00000157828,V210M,benign,1.0
ENSG00000157828,I225T,benign,-1.0
ENSG00000157828,I228T,benign,-1.0
ENSG00000157828,N232D,benign,1.0
ENSG00000157828,K233N,benign,0.0
ENSG00000157828,L238P,benign,-3.0
ENSG00000157828,G241E,benign,-2.0
ENSG00000157828,K242E,benign,1.0
ENSG00000157828,K242N,benign,0.0
ENSG00000157828,R245Q,benign,1.0
ENSG00000157828,I248V,benign,3.0
ENSG00000157828,E251G,benign,-2.0
ENSG00000157828,R252G,benign,-2.0
ENSG00000157828,K254E,benign,1.0
ENSG00000157828,G263S,pathogenic,0.0
ENSG00000234414,R116H,benign,0.0
ENSG00000234414,G128E,benign,-2.0
ENSG00000234414,H129Y,benign,2.0
ENSG00000234414,S382C,pathogenic,-1.0
ENSG00000169800,T71K,benign,-1.0
ENSG00000169800,M68K,pathogenic,-1.0
ENSG00000169800,F52C,pathogenic,-2.0
ENSG00000226941,S35L,benign,-2.0
ENSG00000226941,T71K,benign,-1.0
ENSG00000205944,A170P,benign,-1.0
ENSG00000205944,H173N,benign,1.0
ENSG00000205944,T180A,benign,0.0
ENSG00000205944,C182Y,benign,-2.0
ENSG00000205944,L185F,benign,0.0
ENSG00000205944,L185P,benign,-3.0
ENSG00000205916,Q190R,pathogenic,1.0
ENSG00000205916,P263A,benign,-1.0
ENSG00000205916,T275A,benign,0.0
