Gene,Mutation,Label
ENSG00000184895,R197C,benign
ENSG00000184895,N187S,benign
ENSG00000184895,P184L,benign
ENSG00000184895,H182Y,benign
ENSG00000184895,Y164C,benign
ENSG00000184895,E156D,benign
ENSG00000184895,K99N,pathogenic
ENSG00000184895,I90M,pathogenic
ENSG00000184895,M85K,pathogenic
ENSG00000184895,R84T,benign
ENSG00000184895,V69L,pathogenic
ENSG00000184895,F67Y,pathogenic
ENSG00000184895,V60A,pathogenic
ENSG00000184895,D58E,benign
ENSG00000184895,Q57R,pathogenic
ENSG00000184895,S52G,benign
ENSG00000184895,F34L,benign
ENSG00000184895,S18N,benign
ENSG00000184895,A5V,pathogenic
ENSG00000129824,R3Q,benign
ENSG00000129824,H17Y,benign
ENSG00000129824,H17R,benign
ENSG00000129824,M19I,benign
ENSG00000129824,F27L,benign
ENSG00000129824,V46I,benign
ENSG00000129824,R51G,benign
ENSG00000129824,I92M,benign
ENSG00000129824,T95I,benign
ENSG00000129824,R108H,benign
ENSG00000129824,A110V,benign
ENSG00000129824,R113C,benign
ENSG00000129824,R113H,benign
ENSG00000129824,I114V,benign
ENSG00000129824,V133M,benign
ENSG00000129824,H138Q,benign
ENSG00000129824,I170M,benign
ENSG00000129824,M182V,benign
ENSG00000129824,I184V,benign
ENSG00000129824,A213D,benign
ENSG00000129824,G215C,pathogenic
ENSG00000129824,N216S,benign
ENSG00000129824,N216K,benign
ENSG00000129824,N230S,benign
ENSG00000067646,P57A,benign
ENSG00000067646,D58V,benign
ENSG00000067646,V63A,benign
ENSG00000067646,D67N,pathogenic
ENSG00000067646,V72I,benign
ENSG00000067646,L100P,pathogenic
ENSG00000067646,D103E,benign
ENSG00000067646,D117G,benign
ENSG00000067646,V119I,benign
ENSG00000067646,M129I,benign
ENSG00000067646,M131V,benign
ENSG00000067646,T137M,benign
ENSG00000067646,C144Y,benign
ENSG00000067646,D180H,pathogenic
ENSG00000067646,P183T,benign
ENSG00000067646,I187V,benign
ENSG00000067646,A189T,benign
ENSG00000067646,G191R,pathogenic
ENSG00000067646,I192S,benign
ENSG00000067646,D195E,benign
ENSG00000067646,Q196E,benign
ENSG00000067646,D229N,benign
ENSG00000067646,P236L,benign
ENSG00000067646,E273G,benign
ENSG00000067646,D275E,benign
ENSG00000067646,H276R,benign
ENSG00000067646,R288H,benign
ENSG00000067646,V289I,benign
ENSG00000067646,E292D,benign
ENSG00000067646,S302T,benign
ENSG00000067646,D316H,benign
ENSG00000067646,Q341K,benign
ENSG00000067646,I354V,benign
ENSG00000067646,R370Q,benign
ENSG00000067646,T373S,benign
ENSG00000067646,K396R,benign
ENSG00000067646,P422L,pathogenic
ENSG00000067646,M424I,benign
ENSG00000067646,M440L,benign
ENSG00000067646,K450R,benign
ENSG00000067646,K451Q,pathogenic
ENSG00000067646,D458G,pathogenic
ENSG00000067646,K464N,pathogenic
ENSG00000067646,A483V,benign
ENSG00000067646,A496G,benign
ENSG00000067646,A498V,benign
ENSG00000067646,A511T,benign
ENSG00000067646,A511V,benign
ENSG00000067646,M514I,benign
ENSG00000067646,G528V,pathogenic
ENSG00000067646,L534P,pathogenic
ENSG00000067646,P556L,pathogenic
ENSG00000067646,S557L,pathogenic
ENSG00000067646,L587V,pathogenic
ENSG00000067646,D635N,benign
ENSG00000067646,V648I,benign
ENSG00000067646,T653M,pathogenic
ENSG00000067646,R721K,benign
ENSG00000067646,N728S,benign
ENSG00000067646,N728K,benign
ENSG00000067646,L730F,pathogenic
ENSG00000067646,S751N,benign
ENSG00000067646,N788K,benign
ENSG00000067646,V798A,benign
ENSG00000067646,G799D,benign
ENSG00000176679,A5V,pathogenic
ENSG00000176679,D6E,benign
ENSG00000176679,G7R,benign
ENSG00000176679,P8R,benign
ENSG00000176679,E10D,pathogenic
ENSG00000176679,V15L,benign
ENSG00000176679,S19R,benign
ENSG00000176679,T30S,benign
ENSG00000176679,M33V,benign
ENSG00000176679,A38V,pathogenic
ENSG00000176679,T40I,benign
ENSG00000176679,R53G,benign
ENSG00000176679,N56S,benign
ENSG00000176679,S61P,pathogenic
ENSG00000176679,Y70S,pathogenic
ENSG00000176679,H72R,pathogenic
ENSG00000176679,F74Y,pathogenic
ENSG00000176679,F74C,pathogenic
ENSG00000176679,M85V,pathogenic
ENSG00000176679,L86V,pathogenic
ENSG00000176679,T90N,pathogenic
ENSG00000176679,N91S,pathogenic
ENSG00000176679,S93P,pathogenic
ENSG00000176679,N99H,pathogenic
ENSG00000176679,I102V,benign
ENSG00000176679,N103S,pathogenic
ENSG00000176679,R105C,pathogenic
ENSG00000176679,I122N,benign
ENSG00000176679,I122T,benign
ENSG00000176679,G123S,benign
ENSG00000176679,K125N,benign
ENSG00000176679,H131Y,benign
ENSG00000176679,Q136K,benign
ENSG00000176679,A140V,benign
ENSG00000176679,K145R,benign
ENSG00000176679,T152P,benign
ENSG00000176679,M153R,benign
ENSG00000176679,Y154S,benign
ENSG00000176679,Y154C,benign
ENSG00000176679,C157G,benign
ENSG00000176679,Q163P,benign
ENSG00000176679,A165G,benign
ENSG00000176679,R166G,benign
ENSG00000099715,G5V,benign
ENSG00000099715,N30K,benign
ENSG00000099715,H32D,benign
ENSG00000099715,I41V,benign
ENSG00000099715,F42Y,pathogenic
ENSG00000099715,V47A,benign
ENSG00000099715,V49L,benign
ENSG00000099715,N59S,pathogenic
ENSG00000099715,E65Q,pathogenic
ENSG00000099715,L97P,benign
ENSG00000099715,K100Q,pathogenic
ENSG00000099715,I116T,pathogenic
ENSG00000099715,F117Y,benign
ENSG00000099715,G120S,benign
ENSG00000099715,R122L,pathogenic
ENSG00000099715,I123V,benign
ENSG00000099715,G131R,pathogenic
ENSG00000099715,Y140C,pathogenic
ENSG00000099715,E143D,pathogenic
ENSG00000099715,D149N,pathogenic
ENSG00000099715,D166N,pathogenic
ENSG00000099715,P172R,pathogenic
ENSG00000099715,P172L,pathogenic
ENSG00000099715,I180V,benign
ENSG00000099715,K189Q,benign
ENSG00000099715,A194V,benign
ENSG00000099715,V205D,pathogenic
ENSG00000099715,E209Q,benign
ENSG00000099715,I222T,benign
ENSG00000099715,D245N,pathogenic
ENSG00000099715,Q260P,benign
ENSG00000099715,A265T,pathogenic
ENSG00000099715,A265G,pathogenic
ENSG00000099715,N293D,benign
ENSG00000099715,H304Y,pathogenic
ENSG00000099715,A308S,pathogenic
ENSG00000099715,G311S,pathogenic
ENSG00000099715,S319F,benign
ENSG00000099715,T342S,pathogenic
ENSG00000099715,P346S,benign
ENSG00000099715,A361T,pathogenic
ENSG00000099715,V377A,pathogenic
ENSG00000099715,N381S,pathogenic
ENSG00000099715,I389L,benign
ENSG00000099715,I389L,benign
ENSG00000099715,I392V,pathogenic
ENSG00000099715,V393I,benign
ENSG00000099715,N394S,benign
ENSG00000099715,A413T,pathogenic
ENSG00000099715,T432A,pathogenic
ENSG00000099715,F438L,benign
ENSG00000099715,Q447R,pathogenic
ENSG00000099715,Y458C,pathogenic
ENSG00000099715,K462E,benign
ENSG00000099715,A465D,pathogenic
ENSG00000099715,D472H,pathogenic
ENSG00000099715,D472V,pathogenic
ENSG00000099715,A473P,pathogenic
ENSG00000099715,P476L,pathogenic
ENSG00000099715,L478V,pathogenic
ENSG00000099715,F485L,benign
ENSG00000099715,K487R,pathogenic
ENSG00000099715,N494S,pathogenic
ENSG00000099715,V497I,benign
ENSG00000099715,S501P,benign
ENSG00000099715,F502V,benign
ENSG00000099715,V503I,benign
ENSG00000099715,I515S,benign
ENSG00000099715,T523M,benign
ENSG00000099715,D524N,pathogenic
ENSG00000099715,D548Y,pathogenic
ENSG00000099715,R549H,benign
ENSG00000099715,R550H,benign
ENSG00000099715,G552C,pathogenic
ENSG00000099715,V557M,benign
ENSG00000099715,R562T,pathogenic
ENSG00000099715,L573V,benign
ENSG00000099715,P581S,benign
ENSG00000099715,N585D,pathogenic
ENSG00000099715,N585S,pathogenic
ENSG00000099715,F589V,benign
ENSG00000099715,N596D,pathogenic
ENSG00000099715,N598S,pathogenic
ENSG00000099715,V637A,pathogenic
ENSG00000099715,T638M,pathogenic
ENSG00000099715,I641V,benign
ENSG00000099715,D643E,benign
ENSG00000099715,E644K,benign
ENSG00000099715,I650T,pathogenic
ENSG00000099715,I650M,pathogenic
ENSG00000099715,E666G,pathogenic
ENSG00000099715,E669V,pathogenic
ENSG00000099715,R685C,benign
ENSG00000099715,R685H,benign
ENSG00000099715,D697Y,pathogenic
ENSG00000099715,I706T,benign
ENSG00000099715,V717G,pathogenic
ENSG00000099715,P719L,benign
ENSG00000099715,F728S,benign
ENSG00000099715,V733I,benign
ENSG00000099715,N735S,benign
ENSG00000099715,D736N,pathogenic
ENSG00000099715,A741S,benign
ENSG00000099715,A741V,pathogenic
ENSG00000099715,R744H,benign
ENSG00000099715,R753G,benign
ENSG00000099715,D759N,benign
ENSG00000099715,I765V,benign
ENSG00000099715,M768L,benign
ENSG00000099715,M768T,benign
ENSG00000099715,V781A,benign
ENSG00000099715,V797I,benign
ENSG00000099715,L802P,pathogenic
ENSG00000099715,R819H,benign
ENSG00000099715,I822T,benign
ENSG00000099715,A824E,benign
ENSG00000099715,A824V,benign
ENSG00000099715,P825S,benign
ENSG00000099715,N829S,benign
ENSG00000099715,I845V,benign
ENSG00000099715,V857I,benign
ENSG00000099715,C868S,pathogenic
ENSG00000099715,C868Y,pathogenic
ENSG00000099715,R869H,benign
ENSG00000099715,M881T,benign
ENSG00000099715,P889S,pathogenic
ENSG00000099715,M898I,benign
ENSG00000099715,M899I,benign
ENSG00000099715,L913R,pathogenic
ENSG00000099715,V917F,benign
ENSG00000099715,A925G,benign
ENSG00000099715,L939P,pathogenic
ENSG00000099715,D942E,benign
ENSG00000099715,M948I,benign
ENSG00000099715,P962S,pathogenic
ENSG00000099715,S964R,pathogenic
ENSG00000099715,L967V,pathogenic
ENSG00000099715,R969Q,benign
ENSG00000099715,I995V,pathogenic
ENSG00000099715,I995S,pathogenic
ENSG00000099715,D1001Y,pathogenic
ENSG00000099715,T1003I,pathogenic
ENSG00000099715,C1007R,pathogenic
ENSG00000099715,N1012K,benign
ENSG00000099715,S1017N,benign
ENSG00000099715,V1023I,benign
ENSG00000099715,S1024A,pathogenic
ENSG00000099715,T1032N,benign
ENSG00000099715,V1039I,benign
ENSG00000099715,R1047C,pathogenic
ENSG00000099715,R1047H,benign
ENSG00000099715,L1052M,pathogenic
ENSG00000099715,G1055R,benign
ENSG00000099715,S1060G,benign
ENSG00000099715,T1074A,benign
ENSG00000099715,S1077T,benign
ENSG00000099715,G1083R,pathogenic
ENSG00000099715,R1098C,pathogenic
ENSG00000099715,R1098L,pathogenic
ENSG00000099715,T1099A,pathogenic
ENSG00000099715,D1102N,pathogenic
ENSG00000099715,G1103S,pathogenic
ENSG00000099715,R1116G,benign
ENSG00000099715,T1133I,pathogenic
ENSG00000099715,S1142A,pathogenic
ENSG00000099715,A1144T,benign
ENSG00000099715,P1148S,pathogenic
ENSG00000099715,S1157L,benign
ENSG00000099715,A1161V,benign
ENSG00000099715,S1162C,pathogenic
ENSG00000099715,A1163S,benign
ENSG00000099715,A1173T,benign
ENSG00000099715,P1180S,pathogenic
ENSG00000099715,T1185S,pathogenic
ENSG00000099715,A1199T,pathogenic
ENSG00000099715,A1199S,pathogenic
ENSG00000099715,C1201Y,pathogenic
ENSG00000099715,P1205T,benign
ENSG00000099715,P1206L,benign
ENSG00000099715,L1218V,benign
ENSG00000099715,T1222S,pathogenic
ENSG00000099715,S1230L,benign
ENSG00000099715,Q1232E,benign
ENSG00000099715,A1233S,benign
ENSG00000099715,S1253T,benign
ENSG00000099715,I1258V,benign
ENSG00000099715,A1259V,benign
ENSG00000099715,R1262C,benign
ENSG00000099715,R1262H,benign
ENSG00000099715,G1274V,pathogenic
ENSG00000099715,Q1277P,pathogenic
ENSG00000099715,G1281V,benign
ENSG00000099715,V1289G,benign
ENSG00000099715,Y1298H,pathogenic
ENSG00000099715,E1302K,benign
ENSG00000099715,P1315S,pathogenic
ENSG00000099715,A1320V,benign
ENSG00000099715,H1338Y,benign
ENSG00000168757,R2H,benign
ENSG00000168757,P3L,benign
ENSG00000168757,E4D,benign
ENSG00000168757,G5S,benign
ENSG00000168757,S6L,benign
ENSG00000168757,R10G,benign
ENSG00000168757,R10W,benign
ENSG00000168757,V11L,benign
ENSG00000168757,P12L,benign
ENSG00000168757,R14M,benign
ENSG00000168757,R14S,benign
ENSG00000168757,L15V,benign
ENSG00000168757,R16Q,benign
ENSG00000168757,S19F,benign
ENSG00000168757,V22L,benign
ENSG00000168757,R24L,benign
ENSG00000168757,A25T,benign
ENSG00000168757,A28T,benign
ENSG00000168757,K35E,benign
ENSG00000168757,F40Y,pathogenic
ENSG00000168757,E43G,pathogenic
ENSG00000168757,Q46H,pathogenic
ENSG00000168757,G51R,benign
ENSG00000168757,G60R,benign
ENSG00000168757,G60W,pathogenic
ENSG00000168757,E80Q,benign
ENSG00000168757,E85G,benign
ENSG00000168757,L109P,pathogenic
ENSG00000168757,A124V,benign
ENSG00000168757,R134L,benign
ENSG00000168757,R141H,pathogenic
ENSG00000168757,H144Q,pathogenic
ENSG00000168757,D146G,benign
ENSG00000168757,F158C,pathogenic
ENSG00000168757,A160D,pathogenic
ENSG00000168757,N161S,benign
ENSG00000168757,E176Q,benign
ENSG00000168757,M180V,benign
ENSG00000168757,M184I,benign
ENSG00000168757,R195P,benign
ENSG00000168757,V196L,benign
ENSG00000168757,I235T,pathogenic
ENSG00000168757,N259S,benign
ENSG00000168757,W260C,pathogenic
ENSG00000099721,V104F,pathogenic
ENSG00000099721,P103L,benign
ENSG00000099721,Q98H,benign
ENSG00000099721,R97H,benign
ENSG00000099721,V96L,benign
ENSG00000099721,P94T,pathogenic
ENSG00000099721,V88L,benign
ENSG00000099721,Q73P,pathogenic
ENSG00000099721,V70L,benign
ENSG00000099721,V70M,benign
ENSG00000099721,Q65K,pathogenic
ENSG00000099721,G59D,pathogenic
ENSG00000099721,E56K,pathogenic
ENSG00000099721,I46V,benign
ENSG00000099721,M45V,benign
ENSG00000099721,T37I,pathogenic
ENSG00000099721,H25Y,pathogenic
ENSG00000099721,A13T,benign
ENSG00000099721,G12R,pathogenic
ENSG00000092377,S2G,pathogenic
ENSG00000092377,Q17H,benign
ENSG00000092377,S24L,pathogenic
ENSG00000092377,G29R,pathogenic
ENSG00000092377,I30M,pathogenic
ENSG00000092377,N40S,benign
ENSG00000092377,V44E,pathogenic
ENSG00000092377,P46L,pathogenic
ENSG00000092377,I52V,benign
ENSG00000092377,V60I,pathogenic
ENSG00000092377,D69H,pathogenic
ENSG00000092377,D69V,pathogenic
ENSG00000092377,G70S,pathogenic
ENSG00000092377,G70V,pathogenic
ENSG00000092377,V72L,pathogenic
ENSG00000092377,V72E,pathogenic
ENSG00000092377,F73L,pathogenic
ENSG00000092377,D74N,pathogenic
ENSG00000092377,D74H,pathogenic
ENSG00000092377,S75T,benign
ENSG00000092377,S75I,benign
ENSG00000092377,R76H,pathogenic
ENSG00000092377,P77A,pathogenic
ENSG00000092377,I78V,pathogenic
ENSG00000092377,I78T,pathogenic
ENSG00000092377,I78M,pathogenic
ENSG00000092377,E79D,pathogenic
ENSG00000092377,L81V,pathogenic
ENSG00000092377,S82A,pathogenic
ENSG00000092377,S82F,pathogenic
ENSG00000092377,I84V,pathogenic
ENSG00000092377,I84L,pathogenic
ENSG00000092377,I84M,pathogenic
ENSG00000092377,V85L,benign
ENSG00000092377,V85A,benign
ENSG00000092377,D90H,pathogenic
ENSG00000092377,D90Y,pathogenic
ENSG00000092377,V92L,pathogenic
ENSG00000092377,Q93H,benign
ENSG00000092377,M94I,benign
ENSG00000092377,R95G,pathogenic
ENSG00000092377,R95Q,pathogenic
ENSG00000092377,Q96H,pathogenic
ENSG00000092377,A98T,pathogenic
ENSG00000092377,A98P,pathogenic
ENSG00000092377,A98V,pathogenic
ENSG00000092377,F99L,pathogenic
ENSG00000092377,G100R,benign
ENSG00000092377,G100A,benign
ENSG00000092377,E101K,benign
ENSG00000092377,E101D,benign
ENSG00000092377,E101D,benign
ENSG00000092377,L103P,pathogenic
ENSG00000092377,T104S,benign
ENSG00000092377,Q105E,benign
ENSG00000092377,A108P,benign
ENSG00000092377,S109T,benign
ENSG00000092377,A110T,benign
ENSG00000092377,A112P,benign
ENSG00000092377,A112D,benign
ENSG00000092377,E114Q,benign
ENSG00000092377,E114D,benign
ENSG00000092377,A115G,benign
ENSG00000092377,A117P,benign
ENSG00000092377,M118I,benign
ENSG00000092377,K120R,benign
ENSG00000092377,K120N,benign
ENSG00000092377,A121V,benign
ENSG00000092377,A122T,benign
ENSG00000092377,M124R,benign
ENSG00000092377,T125S,benign
ENSG00000092377,A127T,benign
ENSG00000092377,A127P,benign
ENSG00000092377,A127G,benign
ENSG00000092377,A128T,benign
ENSG00000092377,A128P,benign
ENSG00000092377,N133T,benign
ENSG00000092377,P135A,benign
ENSG00000092377,R138Q,benign
ENSG00000092377,R138L,benign
ENSG00000092377,E139K,benign
ENSG00000092377,E139Q,benign
ENSG00000092377,E139D,benign
ENSG00000092377,E139D,benign
ENSG00000092377,A140S,benign
ENSG00000092377,V142L,benign
ENSG00000092377,G144W,pathogenic
ENSG00000092377,G144E,benign
ENSG00000092377,G144V,benign
ENSG00000092377,E146Q,benign
ENSG00000092377,E146D,benign
ENSG00000092377,N147K,benign
ENSG00000092377,G148A,benign
ENSG00000092377,H150R,benign
ENSG00000092377,H150Q,benign
ENSG00000092377,D164N,benign
ENSG00000092377,P169L,benign
ENSG00000092377,R176W,pathogenic
ENSG00000092377,R176Q,benign
ENSG00000092377,E181K,pathogenic
ENSG00000092377,E181Q,pathogenic
ENSG00000092377,I184V,pathogenic
ENSG00000092377,A195D,pathogenic
ENSG00000092377,G199E,pathogenic
ENSG00000092377,T202A,pathogenic
ENSG00000092377,G215V,benign
ENSG00000092377,L219I,pathogenic
ENSG00000092377,V220M,pathogenic
ENSG00000092377,C224Y,pathogenic
ENSG00000092377,I225T,pathogenic
ENSG00000092377,R226Q,pathogenic
ENSG00000092377,G229R,pathogenic
ENSG00000092377,G229E,pathogenic
ENSG00000092377,H230Y,benign
ENSG00000092377,D231N,pathogenic
ENSG00000092377,S254L,pathogenic
ENSG00000092377,A259T,pathogenic
ENSG00000092377,A259V,pathogenic
ENSG00000092377,I261T,pathogenic
ENSG00000092377,I261M,pathogenic
ENSG00000092377,N267K,pathogenic
ENSG00000092377,F280L,pathogenic
ENSG00000092377,A281T,pathogenic
ENSG00000092377,K286R,benign
ENSG00000092377,N289K,pathogenic
ENSG00000092377,L292V,benign
ENSG00000092377,G295C,pathogenic
ENSG00000092377,V296I,pathogenic
ENSG00000092377,D297H,pathogenic
ENSG00000092377,W303L,pathogenic
ENSG00000092377,H306Y,benign
ENSG00000092377,P315S,pathogenic
ENSG00000092377,D323V,pathogenic
ENSG00000092377,V324M,pathogenic
ENSG00000092377,Q327K,pathogenic
ENSG00000092377,C335R,pathogenic
ENSG00000092377,H342R,pathogenic
ENSG00000092377,H342Q,pathogenic
ENSG00000092377,G347S,benign
ENSG00000092377,H350R,benign
ENSG00000092377,N360K,pathogenic
ENSG00000092377,K384R,pathogenic
ENSG00000092377,D391V,benign
ENSG00000092377,V394I,benign
ENSG00000092377,I407V,benign
ENSG00000092377,V434M,pathogenic
ENSG00000092377,V434E,pathogenic
ENSG00000092377,G442D,benign
ENSG00000092377,T445I,benign
ENSG00000092377,T447I,pathogenic
ENSG00000092377,V455L,benign
ENSG00000092377,Y475C,benign
ENSG00000092377,W501R,pathogenic
ENSG00000092377,D506H,pathogenic
ENSG00000092377,V508M,pathogenic
ENSG00000092377,A510T,pathogenic
ENSG00000092377,A512T,pathogenic
ENSG00000092377,A512V,pathogenic
ENSG00000233803,H150Q,pathogenic
ENSG00000229549,P3R,pathogenic
ENSG00000229549,G5C,pathogenic
ENSG00000229549,W10C,benign
ENSG00000229549,V11L,benign
ENSG00000229549,R14S,benign
ENSG00000229549,G18C,benign
ENSG00000229549,G48W,pathogenic
ENSG00000229549,H144Q,pathogenic
ENSG00000229549,S232Y,pathogenic
ENSG00000229549,I235V,benign
ENSG00000229549,R248H,benign
ENSG00000229549,N259H,pathogenic
ENSG00000229549,D263N,pathogenic
ENSG00000229549,S304F,benign
ENSG00000229549,G88S,benign
ENSG00000229549,R145Q,pathogenic
ENSG00000229549,S146G,benign
ENSG00000229549,S146R,benign
ENSG00000229549,H149Q,pathogenic
ENSG00000229549,V156I,benign
ENSG00000225516,R133G,benign
ENSG00000225516,A132P,benign
ENSG00000225516,K122N,benign
ENSG00000225516,Q101K,benign
ENSG00000225516,N99K,benign
ENSG00000224336,L233P,benign
ENSG00000224336,H230D,pathogenic
ENSG00000224336,L227S,pathogenic
ENSG00000224336,L223S,benign
ENSG00000224336,S222N,benign
ENSG00000224336,R213S,benign
ENSG00000224336,S212C,pathogenic
ENSG00000224336,A211P,pathogenic
ENSG00000224336,H207Q,benign
ENSG00000224336,R203W,benign
ENSG00000224336,G192S,pathogenic
ENSG00000224336,S170F,benign
ENSG00000224336,W165L,benign
ENSG00000224336,W165R,benign
ENSG00000224336,S163G,benign
ENSG00000224336,P162S,benign
ENSG00000224336,L159H,benign
ENSG00000224336,V156A,benign
ENSG00000224336,V151M,benign
ENSG00000224336,K142E,benign
ENSG00000224336,G141R,benign
ENSG00000224336,H134Q,benign
ENSG00000224336,N130S,benign
ENSG00000224336,V129L,benign
ENSG00000224336,V129I,benign
ENSG00000224336,R126Q,benign
ENSG00000224336,G125A,benign
ENSG00000224336,G124A,benign
ENSG00000224336,P123A,benign
ENSG00000224336,H117R,benign
ENSG00000224336,S113I,benign
ENSG00000224336,P111T,benign
ENSG00000224336,V110G,benign
ENSG00000224336,R107P,benign
ENSG00000224336,R107Q,benign
ENSG00000224336,R107W,benign
ENSG00000224336,H102D,benign
ENSG00000224336,P98L,benign
ENSG00000224336,S88F,benign
ENSG00000224336,G87D,benign
ENSG00000224336,V86L,benign
ENSG00000224336,E80D,benign
ENSG00000224336,S78W,benign
ENSG00000224336,P74Q,benign
ENSG00000224336,G73A,benign
ENSG00000224336,G73E,benign
ENSG00000224336,G73R,benign
ENSG00000224336,P72H,pathogenic
ENSG00000224336,P72T,pathogenic
ENSG00000224336,P69R,pathogenic
ENSG00000224336,P67L,pathogenic
ENSG00000224336,P67R,pathogenic
ENSG00000224336,P67T,pathogenic
ENSG00000224336,P65L,benign
ENSG00000224336,D53N,benign
ENSG00000224336,V48A,benign
ENSG00000224336,V48I,benign
ENSG00000224336,K25E,benign
ENSG00000224336,G21S,benign
ENSG00000224336,T8I,pathogenic
ENSG00000224336,S7R,benign
ENSG00000224336,S7N,benign
ENSG00000183704,T293I,benign
ENSG00000183704,D283E,benign
ENSG00000183704,R280H,benign
ENSG00000183704,R280C,pathogenic
ENSG00000183704,M277T,benign
ENSG00000183704,G271D,benign
ENSG00000183704,M270V,benign
ENSG00000183704,L269F,benign
ENSG00000183704,M260I,benign
ENSG00000183704,I259F,pathogenic
ENSG00000183704,A258T,pathogenic
ENSG00000183704,F256L,benign
ENSG00000183704,A255T,pathogenic
ENSG00000183704,V254A,benign
ENSG00000183704,M252L,benign
ENSG00000183704,T246I,benign
ENSG00000183704,P242S,benign
ENSG00000183704,P242T,benign
ENSG00000183704,V239I,benign
ENSG00000183704,R238S,benign
ENSG00000183704,E235V,pathogenic
ENSG00000183704,M220I,benign
ENSG00000183704,A205S,benign
ENSG00000183704,F204V,benign
ENSG00000183704,C203Y,benign
ENSG00000183704,Y199H,pathogenic
ENSG00000183704,I198L,benign
ENSG00000183704,N197D,benign
ENSG00000183704,R194P,pathogenic
ENSG00000183704,R194Q,pathogenic
ENSG00000183704,S188N,benign
ENSG00000183704,T186I,benign
ENSG00000183704,S183P,benign
ENSG00000183704,V180I,benign
ENSG00000183704,E176K,benign
ENSG00000183704,L175F,pathogenic
ENSG00000183704,L174S,benign
ENSG00000183704,V170I,benign
ENSG00000183704,A168T,benign
ENSG00000183704,V154I,benign
ENSG00000183704,T152I,benign
ENSG00000183704,Q148R,benign
ENSG00000183704,K139Q,benign
ENSG00000183704,W137G,benign
ENSG00000183704,F134L,benign
ENSG00000183704,C128F,benign
ENSG00000183704,C128Y,benign
ENSG00000183704,H122R,benign
ENSG00000183704,I119V,benign
ENSG00000183704,P118S,benign
ENSG00000183704,Q117E,benign
ENSG00000183704,T108M,benign
ENSG00000183704,I107T,benign
ENSG00000183704,L104P,pathogenic
ENSG00000183704,F103L,benign
ENSG00000183704,I97N,benign
ENSG00000183704,K96N,benign
ENSG00000183704,K95I,benign
ENSG00000183704,S91T,benign
ENSG00000183704,S91N,benign
ENSG00000183704,V81F,benign
ENSG00000183704,G79R,pathogenic
ENSG00000183704,A78T,benign
ENSG00000183704,L76M,benign
ENSG00000183704,I74S,benign
ENSG00000183704,C73Y,benign
ENSG00000183704,V72I,benign
ENSG00000183704,R70G,benign
ENSG00000183704,A67D,benign
ENSG00000183704,I66V,benign
ENSG00000183704,A65V,benign
ENSG00000183704,A65T,benign
ENSG00000183704,N64K,benign
ENSG00000183704,I62L,benign
ENSG00000183704,G60V,benign
ENSG00000183704,Y57S,benign
ENSG00000183704,F48L,pathogenic
ENSG00000183704,L42I,benign
ENSG00000183704,S37R,pathogenic
ENSG00000183704,S37I,pathogenic
ENSG00000183704,E27K,benign
ENSG00000183704,L18F,pathogenic
ENSG00000114374,M1V,pathogenic
ENSG00000114374,G7V,pathogenic
ENSG00000114374,D14N,benign
ENSG00000114374,D14E,benign
ENSG00000114374,S15N,benign
ENSG00000114374,N31K,benign
ENSG00000114374,V44I,benign
ENSG00000114374,T46N,benign
ENSG00000114374,P48S,benign
ENSG00000114374,E65D,benign
ENSG00000114374,A67P,benign
ENSG00000114374,H70Y,benign
ENSG00000114374,P83A,benign
ENSG00000114374,V87I,benign
ENSG00000114374,V89I,pathogenic
ENSG00000114374,V89L,pathogenic
ENSG00000114374,E96K,pathogenic
ENSG00000114374,S114T,benign
ENSG00000114374,E115V,pathogenic
ENSG00000114374,R119H,pathogenic
ENSG00000114374,G124V,benign
ENSG00000114374,M134L,benign
ENSG00000114374,C148Y,benign
ENSG00000114374,N152D,pathogenic
ENSG00000114374,N152S,pathogenic
ENSG00000114374,H154Y,benign
ENSG00000114374,R155H,benign
ENSG00000114374,P170L,pathogenic
ENSG00000114374,E173Q,benign
ENSG00000114374,A176T,benign
ENSG00000114374,K184R,benign
ENSG00000114374,N189S,pathogenic
ENSG00000114374,P193Q,benign
ENSG00000114374,D206G,benign
ENSG00000114374,R211C,benign
ENSG00000114374,R211H,benign
ENSG00000114374,L222I,pathogenic
ENSG00000114374,N233S,benign
ENSG00000114374,H239Y,benign
ENSG00000114374,R241H,pathogenic
ENSG00000114374,N244D,benign
ENSG00000114374,Y264F,benign
ENSG00000114374,H270R,benign
ENSG00000114374,K296Q,pathogenic
ENSG00000114374,K300N,pathogenic
ENSG00000114374,E302G,pathogenic
ENSG00000114374,L308P,pathogenic
ENSG00000114374,M310V,benign
ENSG00000114374,M310T,benign
ENSG00000114374,M310I,benign
ENSG00000114374,L318F,pathogenic
ENSG00000114374,I329R,benign
ENSG00000114374,R336G,pathogenic
ENSG00000114374,E358K,pathogenic
ENSG00000114374,N360K,pathogenic
ENSG00000114374,I363L,benign
ENSG00000114374,R372Q,benign
ENSG00000114374,T383P,pathogenic
ENSG00000114374,I391V,pathogenic
ENSG00000114374,I396T,benign
ENSG00000114374,L401F,pathogenic
ENSG00000114374,Q402E,benign
ENSG00000114374,Q407E,benign
ENSG00000114374,L418I,benign
ENSG00000114374,T428K,benign
ENSG00000114374,D433G,benign
ENSG00000114374,V447L,benign
ENSG00000114374,V450L,benign
ENSG00000114374,L466H,pathogenic
ENSG00000114374,D471E,benign
ENSG00000114374,S476R,pathogenic
ENSG00000114374,R485H,pathogenic
ENSG00000114374,E490K,pathogenic
ENSG00000114374,L491S,pathogenic
ENSG00000114374,I492T,pathogenic
ENSG00000114374,R494H,pathogenic
ENSG00000114374,L495P,pathogenic
ENSG00000114374,D501H,pathogenic
ENSG00000114374,W513C,pathogenic
ENSG00000114374,Q517H,benign
ENSG00000114374,P522S,pathogenic
ENSG00000114374,I525N,pathogenic
ENSG00000114374,H533P,pathogenic
ENSG00000114374,I534L,benign
ENSG00000114374,I536L,pathogenic
ENSG00000114374,D544N,pathogenic
ENSG00000114374,R561H,benign
ENSG00000114374,V567L,pathogenic
ENSG00000114374,E576Q,pathogenic
ENSG00000114374,S579C,benign
ENSG00000114374,R593Q,benign
ENSG00000114374,S594T,benign
ENSG00000114374,I597V,benign
ENSG00000114374,R600C,pathogenic
ENSG00000114374,R600H,pathogenic
ENSG00000114374,A612G,benign
ENSG00000114374,A618T,benign
ENSG00000114374,M625V,benign
ENSG00000114374,L630M,benign
ENSG00000114374,L630S,benign
ENSG00000114374,A632V,benign
ENSG00000114374,Q641L,benign
ENSG00000114374,N660K,benign
ENSG00000114374,R663G,pathogenic
ENSG00000114374,G669D,pathogenic
ENSG00000114374,L673F,pathogenic
ENSG00000114374,L673R,pathogenic
ENSG00000114374,I681T,pathogenic
ENSG00000114374,C684Y,pathogenic
ENSG00000114374,A689S,benign
ENSG00000114374,R695C,pathogenic
ENSG00000114374,R695H,pathogenic
ENSG00000114374,K718R,benign
ENSG00000114374,S731T,benign
ENSG00000114374,N749S,pathogenic
ENSG00000114374,R751G,benign
ENSG00000114374,S761Y,benign
ENSG00000114374,M763V,benign
ENSG00000114374,D784N,pathogenic
ENSG00000114374,E785K,benign
ENSG00000114374,I791V,benign
ENSG00000114374,I797L,benign
ENSG00000114374,G802D,pathogenic
ENSG00000114374,N808S,benign
ENSG00000114374,R823H,pathogenic
ENSG00000114374,D837E,benign
ENSG00000114374,C843F,benign
ENSG00000114374,H870R,benign
ENSG00000114374,I875S,pathogenic
ENSG00000114374,I875M,pathogenic
ENSG00000114374,P877R,pathogenic
ENSG00000114374,S879L,benign
ENSG00000114374,R883C,pathogenic
ENSG00000114374,V891L,benign
ENSG00000114374,R892W,pathogenic
ENSG00000114374,Q899E,benign
ENSG00000114374,D904G,benign
ENSG00000114374,T909M,pathogenic
ENSG00000114374,I913V,benign
ENSG00000114374,R917W,pathogenic
ENSG00000114374,R918Q,pathogenic
ENSG00000114374,I920V,benign
ENSG00000114374,G952E,benign
ENSG00000114374,D958N,pathogenic
ENSG00000114374,K965R,pathogenic
ENSG00000114374,D982N,benign
ENSG00000114374,A986T,benign
ENSG00000114374,R992C,benign
ENSG00000114374,R992H,benign
ENSG00000114374,N993D,benign
ENSG00000114374,N1000S,benign
ENSG00000114374,L1001Q,benign
ENSG00000114374,N1031Y,benign
ENSG00000114374,P1036S,benign
ENSG00000114374,M1045T,benign
ENSG00000114374,P1050L,benign
ENSG00000114374,R1052K,benign
ENSG00000114374,V1055I,benign
ENSG00000114374,A1060T,benign
ENSG00000114374,V1061I,benign
ENSG00000114374,H1065Y,benign
ENSG00000114374,H1065R,benign
ENSG00000114374,S1074T,benign
ENSG00000114374,L1080I,benign
ENSG00000114374,A1098V,benign
ENSG00000114374,S1111F,benign
ENSG00000114374,P1125H,benign
ENSG00000114374,E1143D,benign
ENSG00000114374,L1153F,pathogenic
ENSG00000114374,A1162V,benign
ENSG00000114374,I1163T,benign
ENSG00000114374,R1169Q,benign
ENSG00000114374,C1175W,benign
ENSG00000114374,D1180G,benign
ENSG00000114374,T1192I,benign
ENSG00000114374,P1209A,benign
ENSG00000114374,V1214I,benign
ENSG00000114374,I1226M,benign
ENSG00000114374,R1232I,benign
ENSG00000114374,M1234L,benign
ENSG00000114374,M1234I,benign
ENSG00000114374,R1241G,benign
ENSG00000114374,Q1270K,benign
ENSG00000114374,N1274S,benign
ENSG00000114374,S1276G,benign
ENSG00000114374,D1283N,pathogenic
ENSG00000114374,V1286I,benign
ENSG00000114374,Q1315H,benign
ENSG00000114374,R1382Q,benign
ENSG00000114374,N1386T,benign
ENSG00000114374,N1386S,benign
ENSG00000114374,N1390D,benign
ENSG00000114374,G1391D,benign
ENSG00000114374,N1392S,benign
ENSG00000114374,N1397S,benign
ENSG00000114374,L1402P,pathogenic
ENSG00000114374,T1422I,benign
ENSG00000114374,I1428L,benign
ENSG00000114374,E1430D,pathogenic
ENSG00000114374,N1459D,benign
ENSG00000114374,K1474T,benign
ENSG00000114374,E1488D,benign
ENSG00000114374,I1491N,benign
ENSG00000114374,V1498I,benign
ENSG00000114374,I1500V,benign
ENSG00000114374,A1509T,benign
ENSG00000114374,A1534T,benign
ENSG00000114374,V1550G,pathogenic
ENSG00000114374,R1553C,benign
ENSG00000114374,P1555S,benign
ENSG00000114374,F1558S,pathogenic
ENSG00000114374,A1566S,pathogenic
ENSG00000114374,C1568Y,pathogenic
ENSG00000114374,N1571I,pathogenic
ENSG00000114374,I1583V,benign
ENSG00000114374,I1587V,benign
ENSG00000114374,G1592S,benign
ENSG00000114374,L1597F,benign
ENSG00000114374,D1599N,pathogenic
ENSG00000114374,G1603R,benign
ENSG00000114374,D1614H,pathogenic
ENSG00000114374,R1616Q,benign
ENSG00000114374,G1644R,pathogenic
ENSG00000114374,L1646I,pathogenic
ENSG00000114374,H1648R,benign
ENSG00000114374,H1648Q,benign
ENSG00000114374,L1649V,benign
ENSG00000114374,I1652V,benign
ENSG00000114374,L1656V,pathogenic
ENSG00000114374,A1658V,benign
ENSG00000114374,Y1664C,pathogenic
ENSG00000114374,R1683C,pathogenic
ENSG00000114374,R1683H,pathogenic
ENSG00000114374,V1696M,pathogenic
ENSG00000114374,H1708Y,benign
ENSG00000114374,A1710S,benign
ENSG00000114374,I1711M,benign
ENSG00000114374,S1713N,benign
ENSG00000114374,I1746V,pathogenic
ENSG00000114374,H1772Y,benign
ENSG00000114374,E1774D,pathogenic
ENSG00000114374,D1777G,benign
ENSG00000114374,R1785C,pathogenic
ENSG00000114374,R1785H,pathogenic
ENSG00000114374,I1788L,pathogenic
ENSG00000114374,I1788V,pathogenic
ENSG00000114374,R1793Q,benign
ENSG00000114374,I1797L,pathogenic
ENSG00000114374,L1799H,pathogenic
ENSG00000114374,F1802S,pathogenic
ENSG00000114374,Y1804C,pathogenic
ENSG00000114374,V1831A,pathogenic
ENSG00000114374,E1838A,pathogenic
ENSG00000114374,K1852R,benign
ENSG00000114374,Q1854R,benign
ENSG00000114374,S1855P,benign
ENSG00000114374,N1857S,benign
ENSG00000114374,G1869E,pathogenic
ENSG00000114374,Q1876R,pathogenic
ENSG00000114374,S1878R,pathogenic
ENSG00000114374,G1879S,pathogenic
ENSG00000114374,Q1895P,benign
ENSG00000114374,T1896K,benign
ENSG00000114374,D1913G,pathogenic
ENSG00000114374,M1928V,benign
ENSG00000114374,H1934Y,pathogenic
ENSG00000114374,M1958V,benign
ENSG00000114374,M1958T,benign
ENSG00000114374,M1960I,benign
ENSG00000114374,E1966K,benign
ENSG00000114374,M1967T,benign
ENSG00000114374,A1977S,benign
ENSG00000114374,P1979T,benign
ENSG00000114374,R1993W,benign
ENSG00000114374,R1993Q,benign
ENSG00000114374,Q1995K,benign
ENSG00000114374,R2003Q,benign
ENSG00000114374,L2018F,benign
ENSG00000114374,C2020S,benign
ENSG00000114374,N2021D,pathogenic
ENSG00000114374,P2029S,benign
ENSG00000114374,T2042S,benign
ENSG00000114374,M2043L,benign
ENSG00000114374,M2043V,benign
ENSG00000114374,T2056A,benign
ENSG00000114374,I2063T,benign
ENSG00000114374,R2065C,pathogenic
ENSG00000114374,R2065H,pathogenic
ENSG00000114374,V2077I,benign
ENSG00000114374,R2080C,benign
ENSG00000114374,R2080H,benign
ENSG00000114374,N2099H,benign
ENSG00000114374,R2100C,pathogenic
ENSG00000114374,L2105F,pathogenic
ENSG00000114374,P2109A,pathogenic
ENSG00000114374,G2115R,benign
ENSG00000114374,I2121V,benign
ENSG00000114374,S2140T,benign
ENSG00000114374,S2145G,benign
ENSG00000114374,S2154R,pathogenic
ENSG00000114374,H2156R,benign
ENSG00000114374,T2161I,benign
ENSG00000114374,E2171D,benign
ENSG00000114374,H2174Q,benign
ENSG00000114374,Q2177E,benign
ENSG00000114374,Q2196E,benign
ENSG00000114374,E2213K,pathogenic
ENSG00000114374,N2241S,benign
ENSG00000114374,N2251S,benign
ENSG00000114374,G2261S,benign
ENSG00000114374,L2263F,benign
ENSG00000114374,V2287A,benign
ENSG00000114374,S2295R,benign
ENSG00000114374,R2305S,benign
ENSG00000114374,E2321K,benign
ENSG00000114374,W2324C,pathogenic
ENSG00000114374,R2335Q,benign
ENSG00000114374,L2341R,pathogenic
ENSG00000114374,I2344M,benign
ENSG00000114374,D2349N,pathogenic
ENSG00000114374,D2365G,benign
ENSG00000114374,D2372E,benign
ENSG00000114374,T2373I,benign
ENSG00000114374,R2376C,pathogenic
ENSG00000114374,S2377L,pathogenic
ENSG00000114374,Y2381C,pathogenic
ENSG00000114374,A2385T,pathogenic
ENSG00000114374,A2385V,pathogenic
ENSG00000114374,I2389L,pathogenic
ENSG00000114374,C2391Y,benign
ENSG00000114374,P2400L,benign
ENSG00000114374,V2401I,benign
ENSG00000114374,A2402G,benign
ENSG00000114374,Q2407R,pathogenic
ENSG00000114374,K2415R,pathogenic
ENSG00000114374,W2422C,pathogenic
ENSG00000114374,G2424V,pathogenic
ENSG00000114374,D2425Y,pathogenic
ENSG00000114374,Y2432C,pathogenic
ENSG00000114374,Y2438H,pathogenic
ENSG00000114374,Y2438C,pathogenic
ENSG00000114374,Y2440C,pathogenic
ENSG00000114374,V2447I,benign
ENSG00000114374,G2455A,pathogenic
ENSG00000114374,S2463G,pathogenic
ENSG00000114374,S2463N,pathogenic
ENSG00000114374,A2469E,benign
ENSG00000114374,A2469V,benign
ENSG00000114374,E2488K,benign
ENSG00000114374,P2493A,benign
ENSG00000114374,S2494P,benign
ENSG00000114374,P2498R,benign
ENSG00000114374,P2504S,benign
ENSG00000114374,P2504H,benign
ENSG00000114374,Y2508C,benign
ENSG00000114374,H2513R,benign
ENSG00000114374,V2514G,benign
ENSG00000114374,A2523T,pathogenic
ENSG00000114374,N2528H,pathogenic
ENSG00000114374,N2528Y,pathogenic
ENSG00000114374,R2536Q,benign
ENSG00000114374,Q2538P,benign
ENSG00000114374,G2543D,benign
ENSG00000114374,S2548F,benign
ENSG00000114374,M2552V,benign
ENSG00000067048,V4A,benign
ENSG00000067048,A30G,benign
ENSG00000067048,H53R,benign
ENSG00000067048,D67G,benign
ENSG00000067048,F72L,pathogenic
ENSG00000067048,D76N,benign
ENSG00000067048,R87L,benign
ENSG00000067048,R98H,benign
ENSG00000067048,D104G,benign
ENSG00000067048,G105S,benign
ENSG00000067048,G107A,benign
ENSG00000067048,P112T,benign
ENSG00000067048,G115V,benign
ENSG00000067048,A168G,benign
ENSG00000067048,E194D,benign
ENSG00000067048,I240L,benign
ENSG00000067048,T242I,benign
ENSG00000067048,E247D,benign
ENSG00000067048,A251T,benign
ENSG00000067048,I266V,benign
ENSG00000067048,I304T,benign
ENSG00000067048,E397D,benign
ENSG00000067048,T409A,benign
ENSG00000067048,E421K,benign
ENSG00000067048,G437E,benign
ENSG00000067048,S438T,benign
ENSG00000067048,D457N,benign
ENSG00000067048,H461R,benign
ENSG00000067048,A465T,benign
ENSG00000067048,E480D,benign
ENSG00000067048,H483Y,benign
ENSG00000067048,K489R,benign
ENSG00000067048,S490R,benign
ENSG00000067048,K546R,benign
ENSG00000067048,M548T,benign
ENSG00000067048,M548R,benign
ENSG00000067048,K552R,benign
ENSG00000067048,E570A,benign
ENSG00000067048,H577Y,benign
ENSG00000067048,H577R,benign
ENSG00000067048,G581S,benign
ENSG00000067048,R583C,pathogenic
ENSG00000067048,S607G,benign
ENSG00000067048,S608G,pathogenic
ENSG00000067048,S608N,pathogenic
ENSG00000067048,G612S,benign
ENSG00000067048,G616R,benign
ENSG00000067048,S617G,benign
ENSG00000067048,S621T,pathogenic
ENSG00000067048,N628K,benign
ENSG00000183878,F1337L,pathogenic
ENSG00000183878,E1323K,pathogenic
ENSG00000183878,S1313G,benign
ENSG00000183878,T1312S,benign
ENSG00000183878,R1310Q,benign
ENSG00000183878,Y1301H,benign
ENSG00000183878,T1297A,benign
ENSG00000183878,N1287S,benign
ENSG00000183878,N1271S,benign
ENSG00000183878,R1269Q,pathogenic
ENSG00000183878,R1269W,pathogenic
ENSG00000183878,A1260S,benign
ENSG00000183878,R1226Q,benign
ENSG00000183878,R1160Q,pathogenic
ENSG00000183878,L1065F,pathogenic
ENSG00000183878,A1062P,benign
ENSG00000183878,I1035V,benign
ENSG00000183878,R1079Q,benign
ENSG00000183878,R1079W,benign
ENSG00000183878,A1069T,benign
ENSG00000183878,L1055H,benign
ENSG00000183878,V1041A,benign
ENSG00000183878,L1019V,benign
ENSG00000183878,R1015Q,benign
ENSG00000183878,P1009L,benign
ENSG00000183878,F990L,pathogenic
ENSG00000183878,K981R,benign
ENSG00000183878,S972G,pathogenic
ENSG00000183878,C970F,pathogenic
ENSG00000183878,C970Y,pathogenic
ENSG00000183878,R969H,benign
ENSG00000183878,M944T,benign
ENSG00000183878,N940D,pathogenic
ENSG00000183878,E938D,pathogenic
ENSG00000183878,R918H,pathogenic
ENSG00000183878,T872P,benign
ENSG00000183878,K852R,benign
ENSG00000183878,V843F,pathogenic
ENSG00000183878,P838R,pathogenic
ENSG00000183878,S821R,benign
ENSG00000183878,N802T,pathogenic
ENSG00000183878,T800A,benign
ENSG00000183878,I785V,benign
ENSG00000183878,S771F,pathogenic
ENSG00000183878,T756A,benign
ENSG00000183878,H755N,benign
ENSG00000183878,N748S,benign
ENSG00000183878,T741A,benign
ENSG00000183878,N738S,benign
ENSG00000183878,S728F,pathogenic
ENSG00000183878,L719V,benign
ENSG00000183878,N712D,benign
ENSG00000183878,L703S,benign
ENSG00000183878,H699Q,pathogenic
ENSG00000183878,H699R,benign
ENSG00000183878,K694E,benign
ENSG00000183878,V693I,benign
ENSG00000183878,T683A,benign
ENSG00000183878,T683P,benign
ENSG00000183878,V676A,benign
ENSG00000183878,V676M,benign
ENSG00000183878,S667N,pathogenic
ENSG00000183878,M662I,benign
ENSG00000183878,H647R,pathogenic
ENSG00000183878,S636G,benign
ENSG00000183878,P635R,pathogenic
ENSG00000183878,G624A,benign
ENSG00000183878,S622N,benign
ENSG00000183878,T612S,benign
ENSG00000183878,P608L,benign
ENSG00000183878,P603S,benign
ENSG00000183878,S595N,benign
ENSG00000183878,K594N,pathogenic
ENSG00000183878,A589T,benign
ENSG00000183878,S588P,benign
ENSG00000183878,L585P,benign
ENSG00000183878,P580S,benign
ENSG00000183878,N569D,benign
ENSG00000183878,N562S,benign
ENSG00000183878,N553D,pathogenic
ENSG00000183878,E551G,benign
ENSG00000183878,N545S,benign
ENSG00000183878,S544N,benign
ENSG00000183878,I533V,benign
ENSG00000183878,T530K,pathogenic
ENSG00000183878,C528S,benign
ENSG00000183878,A523S,benign
ENSG00000183878,L516S,benign
ENSG00000183878,E513G,benign
ENSG00000183878,R508P,benign
ENSG00000183878,R508H,benign
ENSG00000183878,G506E,benign
ENSG00000183878,S501R,benign
ENSG00000183878,A495T,benign
ENSG00000183878,H493N,benign
ENSG00000183878,Q491L,benign
ENSG00000183878,P483R,pathogenic
ENSG00000183878,G475R,pathogenic
ENSG00000183878,T470S,benign
ENSG00000183878,R468Q,benign
ENSG00000183878,E463Q,benign
ENSG00000183878,Q457H,benign
ENSG00000183878,Q457P,pathogenic
ENSG00000183878,Q445R,benign
ENSG00000183878,H444R,benign
ENSG00000183878,P440T,benign
ENSG00000183878,D436E,benign
ENSG00000183878,D436E,benign
ENSG00000183878,Q430H,benign
ENSG00000183878,L428W,benign
ENSG00000183878,Q426E,benign
ENSG00000183878,H410Y,benign
ENSG00000183878,H409R,benign
ENSG00000183878,T386S,benign
ENSG00000183878,N383D,pathogenic
ENSG00000183878,S382T,benign
ENSG00000183878,R380L,benign
ENSG00000183878,Y372F,pathogenic
ENSG00000183878,N363S,benign
ENSG00000183878,A350T,pathogenic
ENSG00000183878,K310N,pathogenic
ENSG00000183878,I302V,benign
ENSG00000183878,G295R,pathogenic
ENSG00000183878,I294T,pathogenic
ENSG00000183878,L274W,pathogenic
ENSG00000183878,D258G,benign
ENSG00000183878,L255Q,benign
ENSG00000183878,N233D,benign
ENSG00000183878,H219R,benign
ENSG00000183878,A142V,pathogenic
ENSG00000183878,R115K,benign
ENSG00000183878,S111P,pathogenic
ENSG00000183878,A84G,benign
ENSG00000183878,R75C,benign
ENSG00000183878,T66R,benign
ENSG00000183878,D62Y,pathogenic
ENSG00000183878,E61Q,pathogenic
ENSG00000183878,H60L,benign
ENSG00000183878,R58S,benign
ENSG00000183878,V57L,benign
ENSG00000183878,L53F,benign
ENSG00000183878,R52H,benign
ENSG00000183878,M49V,benign
ENSG00000183878,E41K,benign
ENSG00000183878,T39P,pathogenic
ENSG00000183878,S37T,benign
ENSG00000183878,E34V,benign
ENSG00000183878,E34G,benign
ENSG00000183878,E34A,benign
ENSG00000183878,E34Q,benign
ENSG00000183878,E33D,benign
ENSG00000183878,E32K,benign
ENSG00000183878,E30K,benign
ENSG00000183878,E24D,benign
ENSG00000183878,E18D,benign
ENSG00000183878,D17Y,pathogenic
ENSG00000183878,G16V,pathogenic
ENSG00000183878,G16R,pathogenic
ENSG00000183878,T10A,benign
ENSG00000183878,L8F,pathogenic
ENSG00000154620,M7I,benign
ENSG00000154620,E9D,pathogenic
ENSG00000154620,D14G,benign
ENSG00000154620,S16W,pathogenic
ENSG00000154620,Q24H,pathogenic
ENSG00000154620,P28Q,pathogenic
ENSG00000165246,S16F,benign
ENSG00000165246,N24S,benign
ENSG00000165246,L27M,pathogenic
ENSG00000165246,A31V,benign
ENSG00000165246,F36V,benign
ENSG00000165246,G53D,pathogenic
ENSG00000165246,E65K,benign
ENSG00000165246,I66T,benign
ENSG00000165246,P81S,pathogenic
ENSG00000165246,P82S,pathogenic
ENSG00000165246,L114P,benign
ENSG00000165246,E116G,benign
ENSG00000165246,R117G,benign
ENSG00000165246,Q142E,benign
ENSG00000165246,Y148N,pathogenic
ENSG00000165246,G158R,pathogenic
ENSG00000165246,N160I,benign
ENSG00000165246,E175K,benign
ENSG00000165246,K177T,benign
ENSG00000165246,D178N,benign
ENSG00000165246,G194R,pathogenic
ENSG00000165246,G195V,pathogenic
ENSG00000165246,M204T,benign
ENSG00000165246,S208I,pathogenic
ENSG00000165246,T220I,pathogenic
ENSG00000165246,M230V,benign
ENSG00000165246,A233E,benign
ENSG00000165246,R234H,benign
ENSG00000165246,G237A,benign
ENSG00000165246,N243S,benign
ENSG00000165246,T250P,benign
ENSG00000165246,N254I,benign
ENSG00000165246,F255L,benign
ENSG00000165246,A218T,pathogenic
ENSG00000165246,S253P,pathogenic
ENSG00000165246,G256E,pathogenic
ENSG00000165246,S280N,pathogenic
ENSG00000165246,S280R,pathogenic
ENSG00000165246,S286R,pathogenic
ENSG00000165246,K303E,pathogenic
ENSG00000165246,K303N,pathogenic
ENSG00000165246,M308V,benign
ENSG00000165246,D310A,pathogenic
ENSG00000165246,T332N,benign
ENSG00000165246,D351H,pathogenic
ENSG00000165246,G374E,pathogenic
ENSG00000165246,E375Q,pathogenic
ENSG00000165246,G376S,pathogenic
ENSG00000165246,F379I,pathogenic
ENSG00000165246,N386D,benign
ENSG00000165246,G389R,benign
ENSG00000165246,D394E,pathogenic
ENSG00000165246,N405K,benign
ENSG00000165246,L406I,pathogenic
ENSG00000165246,L406F,pathogenic
ENSG00000165246,P410S,pathogenic
ENSG00000165246,D414N,pathogenic
ENSG00000165246,D414G,pathogenic
ENSG00000165246,W427C,pathogenic
ENSG00000165246,D429N,pathogenic
ENSG00000165246,D429G,pathogenic
ENSG00000165246,E431D,benign
ENSG00000165246,A453S,pathogenic
ENSG00000165246,V454M,pathogenic
ENSG00000165246,A457T,pathogenic
ENSG00000165246,Y463C,pathogenic
ENSG00000165246,G464S,pathogenic
ENSG00000165246,P466R,pathogenic
ENSG00000165246,T467A,pathogenic
ENSG00000165246,H474R,pathogenic
ENSG00000165246,S483R,benign
ENSG00000165246,G498D,pathogenic
ENSG00000165246,L519I,pathogenic
ENSG00000165246,T544I,benign
ENSG00000165246,N552S,benign
ENSG00000165246,R553L,pathogenic
ENSG00000165246,V557A,pathogenic
ENSG00000165246,P576S,pathogenic
ENSG00000165246,V578A,pathogenic
ENSG00000165246,R583W,pathogenic
ENSG00000165246,A584P,pathogenic
ENSG00000165246,T585M,pathogenic
ENSG00000165246,E592K,pathogenic
ENSG00000165246,M618V,benign
ENSG00000165246,M618L,benign
ENSG00000165246,P622A,benign
ENSG00000165246,R626Q,pathogenic
ENSG00000165246,P629L,benign
ENSG00000165246,A630V,benign
ENSG00000165246,W633R,benign
ENSG00000165246,T642I,benign
ENSG00000165246,S650Y,benign
ENSG00000165246,P653L,benign
ENSG00000165246,D660N,benign
ENSG00000165246,I665T,benign
ENSG00000165246,E666K,pathogenic
ENSG00000165246,D670N,pathogenic
ENSG00000165246,S676N,pathogenic
ENSG00000165246,G682R,pathogenic
ENSG00000165246,D701N,pathogenic
ENSG00000165246,R709S,benign
ENSG00000165246,S712R,benign
ENSG00000165246,Q714E,benign
ENSG00000165246,N716S,benign
ENSG00000165246,I721V,benign
ENSG00000165246,T722A,benign
ENSG00000165246,E727Q,benign
ENSG00000165246,S767L,pathogenic
ENSG00000165246,D769H,pathogenic
ENSG00000165246,P776L,benign
ENSG00000165246,G788A,pathogenic
ENSG00000165246,P791S,benign
ENSG00000165246,Q802R,benign
ENSG00000165246,T805I,benign
ENSG00000165246,H811L,pathogenic
ENSG00000129873,V118F,benign
ENSG00000129873,D36N,pathogenic
ENSG00000182415,R57Q,benign
ENSG00000182415,P98L,benign
ENSG00000182415,F112S,benign
ENSG00000182415,M132I,benign
ENSG00000182415,F148L,benign
ENSG00000182415,R185Q,benign
ENSG00000012817,Q1538H,benign
ENSG00000012817,L1531F,benign
ENSG00000012817,Q1508K,benign
ENSG00000012817,H1500R,benign
ENSG00000012817,R1489H,benign
ENSG00000012817,R1489C,benign
ENSG00000012817,D1488E,benign
ENSG00000012817,H1482R,benign
ENSG00000012817,E1479D,benign
ENSG00000012817,R1478Q,benign
ENSG00000012817,Q1460R,benign
ENSG00000012817,V1454A,benign
ENSG00000012817,N1453K,benign
ENSG00000012817,R1452K,benign
ENSG00000012817,R1445Q,benign
ENSG00000012817,R1442Q,pathogenic
ENSG00000012817,R1437Q,benign
ENSG00000012817,S1436I,benign
ENSG00000012817,P1413L,pathogenic
ENSG00000012817,A1409S,pathogenic
ENSG00000012817,I1403V,benign
ENSG00000012817,M1388I,benign
ENSG00000012817,M1388T,benign
ENSG00000012817,M1387V,benign
ENSG00000012817,L1383M,pathogenic
ENSG00000012817,P1382L,benign
ENSG00000012817,E1359D,benign
ENSG00000012817,E1359Q,benign
ENSG00000012817,A1351V,benign
ENSG00000012817,M1350V,benign
ENSG00000012817,P1347L,benign
ENSG00000012817,V1344M,benign
ENSG00000012817,G1341E,benign
ENSG00000012817,G1326D,benign
ENSG00000012817,I1323V,benign
ENSG00000012817,T1318I,benign
ENSG00000012817,T1315I,benign
ENSG00000012817,Q1300R,benign
ENSG00000012817,R1299H,benign
ENSG00000012817,R1293Q,benign
ENSG00000012817,R1293G,benign
ENSG00000012817,T1289S,benign
ENSG00000012817,E1286G,benign
ENSG00000012817,A1282V,benign
ENSG00000012817,R1278H,pathogenic
ENSG00000012817,R1278C,pathogenic
ENSG00000012817,R1258Q,pathogenic
ENSG00000012817,I1245V,benign
ENSG00000012817,R1236H,pathogenic
ENSG00000012817,D1226N,benign
ENSG00000012817,S1217P,benign
ENSG00000012817,G1183R,pathogenic
ENSG00000012817,V1180L,benign
ENSG00000012817,S1169P,benign
ENSG00000012817,L1162Q,benign
ENSG00000012817,P1161L,benign
ENSG00000012817,P1159S,benign
ENSG00000012817,A1157G,benign
ENSG00000012817,R1153L,benign
ENSG00000012817,R1153C,benign
ENSG00000012817,R1152C,pathogenic
ENSG00000012817,I1148V,benign
ENSG00000012817,E1146A,benign
ENSG00000012817,K1138N,benign
ENSG00000012817,F1137L,benign
ENSG00000012817,I1134T,benign
ENSG00000012817,D1129N,benign
ENSG00000012817,G1121R,benign
ENSG00000012817,C1115Y,benign
ENSG00000012817,Q1114H,benign
ENSG00000012817,A1109V,benign
ENSG00000012817,T1100P,benign
ENSG00000012817,S1099N,benign
ENSG00000012817,A1095T,benign
ENSG00000012817,T1084A,benign
ENSG00000012817,K1078R,benign
ENSG00000012817,T1064A,benign
ENSG00000012817,Q1057E,benign
ENSG00000012817,D1036G,benign
ENSG00000012817,Y1032H,pathogenic
ENSG00000012817,E1025A,benign
ENSG00000012817,R994H,benign
ENSG00000012817,P986A,benign
ENSG00000012817,H975R,benign
ENSG00000012817,R969H,benign
ENSG00000012817,R969C,benign
ENSG00000012817,R957Q,benign
ENSG00000012817,S950G,benign
ENSG00000012817,A948P,benign
ENSG00000012817,A948T,benign
ENSG00000012817,M937L,benign
ENSG00000012817,G932D,benign
ENSG00000012817,A926S,benign
ENSG00000012817,L925P,pathogenic
ENSG00000012817,Q916R,benign
ENSG00000012817,Q911K,benign
ENSG00000012817,V902A,benign
ENSG00000012817,R894S,benign
ENSG00000012817,R889Q,benign
ENSG00000012817,S884R,benign
ENSG00000012817,L878M,pathogenic
ENSG00000012817,R875C,benign
ENSG00000012817,A869T,benign
ENSG00000012817,E868Q,benign
ENSG00000012817,K861R,benign
ENSG00000012817,I857T,benign
ENSG00000012817,Q856H,benign
ENSG00000012817,M854L,benign
ENSG00000012817,G848V,benign
ENSG00000012817,G848S,benign
ENSG00000012817,R841Q,benign
ENSG00000012817,L835Q,pathogenic
ENSG00000012817,A828G,benign
ENSG00000012817,V812A,benign
ENSG00000012817,L802H,pathogenic
ENSG00000012817,R795S,benign
ENSG00000012817,R792H,benign
ENSG00000012817,R777H,benign
ENSG00000012817,R768Q,benign
ENSG00000012817,N765D,benign
ENSG00000012817,T762I,benign
ENSG00000012817,T762S,benign
ENSG00000012817,R740Q,pathogenic
ENSG00000012817,S732R,benign
ENSG00000012817,S732G,benign
ENSG00000012817,N725S,benign
ENSG00000012817,D716G,benign
ENSG00000012817,D713N,benign
ENSG00000012817,A710T,benign
ENSG00000012817,F705L,benign
ENSG00000012817,L690F,benign
ENSG00000012817,R684Q,benign
ENSG00000012817,E683D,benign
ENSG00000012817,E681Q,benign
ENSG00000012817,V679I,benign
ENSG00000012817,R668Q,benign
ENSG00000012817,I662V,benign
ENSG00000012817,F661L,benign
ENSG00000012817,V656L,benign
ENSG00000012817,A653P,pathogenic
ENSG00000012817,N651S,benign
ENSG00000012817,N651D,benign
ENSG00000012817,M641V,pathogenic
ENSG00000012817,S633F,pathogenic
ENSG00000012817,Y629S,pathogenic
ENSG00000012817,R627Q,benign
ENSG00000012817,R625Q,benign
ENSG00000012817,Q618R,benign
ENSG00000012817,R617S,pathogenic
ENSG00000012817,R589H,pathogenic
ENSG00000012817,D548E,benign
ENSG00000012817,M541I,benign
ENSG00000012817,S529P,pathogenic
ENSG00000012817,G519A,pathogenic
ENSG00000012817,Y515C,pathogenic
ENSG00000012817,I513T,pathogenic
ENSG00000012817,H504R,pathogenic
ENSG00000012817,P490S,pathogenic
ENSG00000012817,A482T,benign
ENSG00000012817,N481S,benign
ENSG00000012817,P470A,pathogenic
ENSG00000012817,M469I,benign
ENSG00000012817,W464R,pathogenic
ENSG00000012817,S462N,pathogenic
ENSG00000012817,I434T,pathogenic
ENSG00000012817,V426M,pathogenic
ENSG00000012817,L418Q,pathogenic
ENSG00000012817,V411A,pathogenic
ENSG00000012817,N400S,benign
ENSG00000012817,Q377E,pathogenic
ENSG00000012817,K367E,benign
ENSG00000012817,P347L,pathogenic
ENSG00000012817,I341V,benign
ENSG00000012817,S321F,pathogenic
ENSG00000012817,Y315C,pathogenic
ENSG00000012817,T296I,benign
ENSG00000012817,T296S,benign
ENSG00000012817,H289L,benign
ENSG00000012817,H289Y,benign
ENSG00000012817,T284A,benign
ENSG00000012817,G278D,benign
ENSG00000012817,E274V,benign
ENSG00000012817,T270M,benign
ENSG00000012817,T270S,benign
ENSG00000012817,C265Y,benign
ENSG00000012817,V259L,benign
ENSG00000012817,D256V,benign
ENSG00000012817,D254G,benign
ENSG00000012817,Y239H,pathogenic
ENSG00000012817,K235N,benign
ENSG00000012817,H230P,benign
ENSG00000012817,T223A,benign
ENSG00000012817,T223P,benign
ENSG00000012817,P220R,pathogenic
ENSG00000012817,R212W,pathogenic
ENSG00000012817,S208N,benign
ENSG00000012817,N183S,benign
ENSG00000012817,N183H,benign
ENSG00000012817,C176G,benign
ENSG00000012817,V174M,benign
ENSG00000012817,H173R,benign
ENSG00000012817,R159L,pathogenic
ENSG00000012817,R159C,pathogenic
ENSG00000012817,S151C,pathogenic
ENSG00000012817,Y143H,pathogenic
ENSG00000012817,R133Q,pathogenic
ENSG00000012817,R132L,pathogenic
ENSG00000012817,R132H,pathogenic
ENSG00000012817,L115F,pathogenic
ENSG00000012817,N104S,benign
ENSG00000012817,I102T,pathogenic
ENSG00000012817,F92L,pathogenic
ENSG00000012817,V69I,benign
ENSG00000012817,R68C,pathogenic
ENSG00000012817,N62S,benign
ENSG00000012817,R47C,pathogenic
ENSG00000012817,E39G,benign
ENSG00000012817,R35M,pathogenic
ENSG00000012817,Q25R,benign
ENSG00000012817,F17I,pathogenic
ENSG00000012817,P15L,pathogenic
ENSG00000012817,G4E,benign
ENSG00000012817,G4R,benign
ENSG00000012817,P3L,benign
ENSG00000198692,G54C,pathogenic
ENSG00000198692,D83Y,pathogenic
ENSG00000198692,A105T,benign
ENSG00000198692,P123A,benign
ENSG00000157828,R3Q,benign
ENSG00000157828,K7T,pathogenic
ENSG00000157828,V12A,benign
ENSG00000157828,P15L,pathogenic
ENSG00000157828,H17L,benign
ENSG00000157828,A28E,pathogenic
ENSG00000157828,R30H,benign
ENSG00000157828,K37Q,benign
ENSG00000157828,E40D,benign
ENSG00000157828,C65G,benign
ENSG00000157828,M66V,benign
ENSG00000157828,M66K,benign
ENSG00000157828,F69V,benign
ENSG00000157828,G74V,pathogenic
ENSG00000157828,R77Q,benign
ENSG00000157828,V78M,benign
ENSG00000157828,I87K,benign
ENSG00000157828,D88N,benign
ENSG00000157828,H98Y,benign
ENSG00000157828,R100C,benign
ENSG00000157828,R100H,benign
ENSG00000157828,K120E,benign
ENSG00000157828,Y121H,benign
ENSG00000157828,T133A,benign
ENSG00000157828,G135E,benign
ENSG00000157828,R145Q,benign
ENSG00000157828,L153V,benign
ENSG00000157828,Q161R,benign
ENSG00000157828,L164I,benign
ENSG00000157828,D176H,benign
ENSG00000157828,G190S,pathogenic
ENSG00000157828,R191C,pathogenic
ENSG00000157828,H201R,benign
ENSG00000157828,V210M,benign
ENSG00000157828,I225T,benign
ENSG00000157828,I228T,benign
ENSG00000157828,N232D,benign
ENSG00000157828,K233N,benign
ENSG00000157828,L238P,benign
ENSG00000157828,G241E,benign
ENSG00000157828,K242E,benign
ENSG00000157828,K242N,benign
ENSG00000157828,R245Q,benign
ENSG00000157828,I248V,benign
ENSG00000157828,E251G,benign
ENSG00000157828,R252G,benign
ENSG00000157828,K254E,benign
ENSG00000157828,G263S,pathogenic
ENSG00000234414,R116H,benign
ENSG00000234414,G128E,benign
ENSG00000234414,H129Y,benign
ENSG00000234414,S382C,pathogenic
ENSG00000169800,T71K,benign
ENSG00000169800,M68K,pathogenic
ENSG00000169800,F52C,pathogenic
ENSG00000226941,S35L,benign
ENSG00000226941,T71K,benign
ENSG00000205944,A170P,benign
ENSG00000205944,H173N,benign
ENSG00000205944,T180A,benign
ENSG00000205944,C182Y,benign
ENSG00000205944,L185F,benign
ENSG00000205944,L185P,benign
ENSG00000205916,Q190R,pathogenic
ENSG00000205916,P263A,benign
ENSG00000205916,T275A,benign
