Gene,Mutation,Label,Blosum
BRCA2,L2396F,Benign,0.0
BRCA2,K3015E,Benign,1.0
BRCA2,K513R,Benign,2.0
BRCA2,I2490T,Benign,-1.0
BRCA2,D3170G,Benign,-1.0
BRCA2,D3095E,Pathogenic,2.0
BRCA2,R3052W,Pathogenic,-3.0
BRCA2,V2969M,Benign,1.0
BRCA2,S2835P,Benign,-1.0
BRCA2,D2723H,Pathogenic,-1.0
BRCA2,I2627F,Pathogenic,0.0
BRCA2,K2339N,Benign,0.0
BRCA2,H1918Y,Benign,2.0
BRCA2,N1880K,Benign,0.0
BRCA2,P1819S,Benign,-1.0
BRCA2,I1364L,Benign,2.0
BRCA2,I1349T,Benign,-1.0
BRCA2,V894I,Benign,3.0
BRCA2,P375L,Benign,-3.0
BRCA2,P375S,Benign,-1.0
BRCA2,V3244I,Benign,3.0
BRCA2,A2951T,Benign,0.0
BRCA2,I2944F,Benign,0.0
BRCA2,N289H,Benign,1.0
BRCA2,V2728I,Benign,3.0
BRCA2,A2717S,Benign,1.0
BRCA2,H2440R,Benign,0.0
BRCA2,H2116R,Benign,0.0
BRCA2,R2108C,Benign,-3.0
BRCA2,R2034C,Benign,-3.0
BRCA2,T1915M,Benign,-1.0
BRCA2,D1420Y,Benign,-3.0
BRCA2,N991D,Benign,1.0
BRCA2,I505T,Benign,-1.0
BRCA2,I3412V,Benign,3.0
BRCA2,Y3098H,Benign,2.0
BRCA2,R2973C,Benign,-3.0
BRCA2,R2659G,Pathogenic,-2.0
BRCA2,W2626C,Pathogenic,-2.0
BRCA2,H2623R,Pathogenic,0.0
BRCA2,T2515I,Benign,-1.0
BRCA2,R2336H,Pathogenic,0.0
BRCA2,H2074N,Benign,1.0
BRCA2,D1923A,Benign,-2.0
BRCA2,G1771D,Benign,-1.0
BRCA2,D1699N,Benign,1.0
BRCA2,G1529R,Benign,-2.0
BRCA2,Q1396R,Benign,1.0
BRCA2,T582P,Benign,-1.0
BRCA2,E462G,Benign,-2.0
BRCA2,Y42C,Benign,-2.0
BRCA2,T3371A,Benign,0.0
BRCA2,N372H,Benign,1.0
